,title,mean,rank,popularity,num_list_users,num_scoring_users,status,num_chapters,ranking.rank,rating,members,genres0
0,Berserk,9.42,1.0,2,485986,233057,on_hiatus,380,1,8.4,226430,Action
1,One Piece,9.17,3.0,3,452823,275656,currently_publishing,0,3,8.58,504862,Action
2,Monster,9.11,5.0,33,169401,65394,finished,162,5,8.72,247562,Drama
3,Fullmetal Alchemist,9.07,6.0,16,251150,136992,finished,116,6,8.33,600384,Action
5,Slam Dunk,9.04,9.0,68,118748,53845,finished,276,9,8.56,82570,Sports
6,Kingdom,8.99,10.0,65,125120,45871,currently_publishing,0,10,8.24,54211,Action
7,Ashita no Joe,8.94,14.0,352,37737,12303,finished,171,14,8.22,15442,Drama
8,Houseki no Kuni,8.92,15.0,135,79793,24725,currently_publishing,0,15,6.13,1156,Action
12,Youkoso Jitsuryoku Shijou Shugi no Kyoushitsu e,7.24,4659.0,1108,13183,2872,currently_publishing,0,4659,5.99,718,Comedy
13,Koe no Katachi,8.86,23.0,20,233387,126336,finished,64,23,9.05,102733,Drama
16,Ookami to Koushinryou,8.46,143.0,380,34903,11727,finished,108,143,8.37,334932,Adventure
17,Haikyuu!!,8.84,26.0,31,172965,81651,finished,407,26,8.68,284498,Comedy
19,Akatsuki no Yona,8.83,27.0,76,108831,39975,currently_publishing,0,27,8.23,216674,Action
20,Kaze no Tani no Nausicaä,8.83,28.0,258,46891,14105,finished,59,28,8.47,143273,Action
22,Uchuu Kyoudai,8.79,32.0,478,27333,6735,currently_publishing,0,32,8.59,72958,Drama
24,Nana,8.75,38.0,97,96459,33071,on_hiatus,84,38,8.55,197256,Drama
25,Mushishi,8.75,39.0,169,65706,16412,finished,50,39,8.78,300030,Fantasy
26,Yokohama Kaidashi Kikou,8.72,43.0,207,56604,14807,finished,142,43,7.37,12389,Drama
27,Death Note,8.71,44.0,9,338593,196965,finished,108,44,8.71,1013917,Drama
28,Natsume Yuujinchou,8.71,45.0,356,37217,9785,currently_publishing,0,45,8.42,210736,Drama
30,Akira,8.7,49.0,83,102926,34658,finished,120,49,8.15,215897,Action
31,Hunter x Hunter,8.69,50.0,22,212233,98323,currently_publishing,0,50,8.48,166255,Action
32,Hajime no Ippo,8.67,55.0,171,65549,29325,currently_publishing,0,55,8.83,157670,Action
33,Beck,8.67,56.0,193,59700,22551,finished,103,56,8.4,148328,Comedy
34,ReLIFE,8.66,59.0,53,138395,68967,finished,238,59,8.24,202249,Romance
36,Overlord,8.01,672.0,367,36088,12108,currently_publishing,0,672,8.04,244268,Action
39,Kono Subarashii Sekai ni Shukufuku wo!,7.95,763.0,746,18648,4896,currently_publishing,0,763,8.03,244877,Adventure
40,Gintama,8.61,71.0,128,82412,35684,finished,709,71,9.04,336376,Action
41,Shigatsu wa Kimi no Uso,8.61,74.0,158,69770,29751,finished,44,74,8.92,416397,Romance
42,Mob Psycho 100,8.6,75.0,107,90462,35780,finished,109,75,8.55,193716,Action
43,Pandora Hearts,8.59,80.0,46,144508,53330,finished,107,80,7.92,229567,Adventure
44,Rurouni Kenshin: Meiji Kenkaku Romantan,8.58,81.0,118,84377,42494,finished,259,81,8.43,218928,Action
46,Kino no Tabi: The Beautiful World,7.78,1215.0,5108,2877,663,finished,53,1215,8.46,102822,Adventure
47,Kino no Tabi: The Beautiful World,7.53,2350.0,8768,1482,344,finished,22,2350,8.46,102822,Adventure
48,Skip Beat!,8.58,83.0,122,83681,37135,currently_publishing,0,83,8.28,134818,Romance
49,Shingeki no Kyojin,8.58,86.0,1,548947,333294,finished,141,86,8.54,896229,Action
50,One Outs,8.57,87.0,495,26782,9608,finished,175,87,8.41,83056,Sports
52,Shuumatsu Nani Shitemasu ka? Isogashii desu ka? Sukutte Moratte Ii desu ka?,7.42,3042.0,4791,3106,366,finished,19,3042,,251,Fantasy
53,Neon Genesis Evangelion,8.56,90.0,109,89367,39945,finished,97,90,8.32,461946,Action
55,Baccano!,7.52,2397.0,4846,3065,576,finished,22,2397,8.54,363215,Action
57,Fate/Zero,7.75,1300.0,2408,6403,1660,finished,79,1300,8.51,453630,Action
59,Ginga Eiyuu Densetsu,7.25,4572.0,10638,1132,176,finished,60,4572,9.11,80679,Action
60,Ginga Eiyuu Densetsu,7.11,6168.0,8726,1494,293,currently_publishing,0,6169,9.11,80679,Action
61,Sakamichi no Apollon,8.54,104.0,533,25181,9414,finished,45,104,8.48,146592,Drama
62,Kamisama Hajimemashita,8.53,107.0,143,76503,30998,finished,154,107,8.13,189641,Comedy
63,Chihayafuru,8.53,108.0,387,34658,10450,currently_publishing,0,108,8.32,158561,Sports
64,Tokyo Ghoul,8.52,110.0,4,405546,220273,finished,144,110,8.07,618056,Action
67,Ouran Koukou Host Club,8.51,114.0,71,113894,55011,finished,87,114,8.39,422271,Romance
69,Fruits Basket,8.51,115.0,61,127524,67253,finished,136,115,7.8,242553,Comedy
72,Bakemonogatari,8.51,118.0,523,25494,7482,currently_publishing,0,118,8.39,482268,Action
74,No Game No Life,7.99,712.0,493,26877,6781,currently_publishing,0,712,8.47,602291,Ecchi
75,Eyeshield 21,8.49,127.0,168,65766,31926,finished,333,127,8.08,83648,Action
76,Eyeshield 21,7.25,4579.0,10723,1121,327,finished,2,4579,8.08,83648,Action
77,Bungou Stray Dogs,8.48,130.0,174,64042,18828,currently_publishing,0,130,7.76,187805,Action
79,Kami nomi zo Shiru Sekai,8.48,134.0,86,101265,53010,finished,271,134,7.95,284846,Fantasy
81,Cross Game,8.47,135.0,797,17610,7529,finished,170,135,8.53,53108,Comedy
82,Kyou kara Ore wa!!,8.47,138.0,817,17192,5042,finished,366,138,8.15,7954,Comedy
83,Gekkan Shoujo Nozaki-kun,8.47,140.0,157,70157,20668,currently_publishing,0,140,8.24,292622,Comedy
84,Barakamon,8.45,151.0,392,34157,9801,finished,135,151,8.5,225927,Comedy
87,Noragami,8.43,160.0,41,155844,53670,currently_publishing,0,160,8.17,515378,Action
88,Nodame Cantabile,8.43,161.0,564,23859,8635,finished,150,161,8.46,157025,Comedy
89,Blade of the Immortal,8.43,162.0,178,62842,15565,finished,207,162,6.93,36058,Action
92,Kuroshitsuji,8.43,164.0,51,139715,57743,currently_publishing,0,164,8.06,424919,Action
93,Gunnm,8.42,166.0,166,66494,22469,finished,53,166,7.26,22648,Action
94,Glass no Kamen,8.42,167.0,1626,9249,2311,on_hiatus,0,167,7.52,4218,Drama
96,No.6,8.31,261.0,304,41877,15378,finished,35,261,7.76,168017,Action
99,Kimi no Na wa.,8.41,172.0,161,69069,26041,finished,9,172,9.37,200630,Drama
100,Bakuman.,8.41,175.0,45,153354,75178,finished,176,175,8.35,246899,Romance
102,Imawa no Kuni no Alice,8.41,179.0,244,49662,17095,finished,87,179,6.25,824,Action
103,Dragon Ball,8.4,181.0,60,128653,79391,finished,520,181,8.16,316102,Action
104,Kaichou wa Maid-sama!,8.4,183.0,48,143617,73500,finished,98,183,8.26,391628,Romance
108,Toaru Majutsu no Index,7.71,1461.0,1030,14033,4241,currently_publishing,0,1461,7.69,313114,Action
109,xxxHOLiC,8.38,195.0,153,72132,29993,finished,213,195,8.11,150872,Comedy
110,Cardcaptor Sakura,8.38,196.0,218,55372,28359,finished,50,196,8.18,181249,Adventure
111,SKET Dance,8.38,197.0,467,28168,10797,finished,288,197,8.36,101027,Comedy
113,Hadashi no Gen,8.38,198.0,1677,8952,2143,finished,54,198,7.92,16474,Drama
114,Shin Angyo Onshi,8.37,203.0,433,30725,9388,finished,76,203,7.0,13231,Action
115,Ookami Kodomo no Ame to Yuki,8.36,206.0,655,20845,8953,finished,16,206,8.84,226193,Fantasy
118,Durarara!!,7.88,931.0,577,23406,9382,finished,22,931,8.38,556431,Action
119,Lovely★Complex,8.35,212.0,222,54553,24656,finished,68,212,8.23,235003,Comedy
120,Nichijou,8.35,214.0,464,28282,8684,currently_publishing,0,214,8.52,254436,Comedy
121,Orange,8.35,216.0,59,129859,59279,finished,31,216,7.78,165358,Romance
124,Azumanga Daioh,8.34,218.0,293,42870,21376,finished,69,218,8.06,170901,Comedy
125,Touch,8.34,221.0,1417,10678,4354,finished,257,221,8.16,12833,Sports
126,Piano no Mori,8.34,222.0,1099,13284,4188,finished,242,222,7.87,24278,Drama
129,Mars,6.91,8499.0,14178,722,228,finished,28,8499,6.0,183,Action
130,Gin no Saji,8.33,238.0,389,34431,12775,finished,131,238,8.18,116261,Comedy
131,Angel Densetsu,8.32,245.0,253,47625,21575,finished,89,245,7.52,10795,Action
132,Black Jack,8.32,246.0,775,18057,5095,finished,243,246,7.88,14414,Drama
133,Blame!,8.31,250.0,74,110424,32081,finished,66,250,6.2,13802,Action
134,Hellsing,8.31,251.0,140,78167,37809,finished,92,251,7.64,308995,Action
136,Claymore,8.31,253.0,44,155142,69995,finished,159,253,7.92,316853,Action
138,Kodomo no Omocha,8.3,268.0,720,19317,9475,finished,54,268,7.24,3118,Romance
139,Petshop of Horrors,8.3,270.0,512,25827,8710,finished,41,270,7.41,32696,Comedy
140,Hachimitsu to Clover,8.3,271.0,681,20103,5645,finished,71,271,8.18,130646,Romance
142,D.Gray-man,8.29,283.0,55,136359,58003,currently_publishing,0,283,8.2,334399,Action
143,Saiyuuki Gaiden,8.29,284.0,1542,9680,2727,finished,35,284,8.01,5843,Action
144,Detective Conan,8.28,288.0,238,50886,25577,currently_publishing,0,288,8.25,114702,Adventure
146,Ansatsu Kyoushitsu,8.28,293.0,57,133543,65227,finished,187,293,7.28,35230,Action
147,Paradise Kiss,8.27,296.0,337,38972,16936,finished,48,296,7.93,86380,Romance
148,Hourou Musuko,8.27,297.0,532,25206,7884,finished,123,297,7.8,53426,Romance
149,Black Lagoon,8.27,298.0,298,42268,13197,currently_publishing,0,298,8.17,332562,Action
151,Saint Seiya: The Lost Canvas - Meiou Shinwa,8.27,299.0,1079,13480,6885,finished,223,299,8.24,40355,Action
152,Kimi ni Todoke,8.27,302.0,91,99883,38908,finished,125,302,8.19,309339,Romance
155,Toradora!,8.03,641.0,401,33472,10845,currently_publishing,0,641,8.45,633817,Romance
156,Kuragehime,8.27,307.0,390,34393,11243,finished,93,307,8.24,108053,Comedy
157,Akagami no Shirayuki-hime,8.26,311.0,182,61561,19032,currently_publishing,0,311,7.93,157551,Fantasy
158,Yuru Yuri,8.26,312.0,1193,12448,3049,currently_publishing,0,312,7.7,148140,Comedy
160,Hai to Gensou no Grimgar,7.19,5220.0,2519,6111,1127,finished,16,5220,7.87,213342,Action
162,Genshiken,8.25,323.0,382,34860,11890,finished,127,323,7.76,104258,Comedy
164,Shonan Junai Gumi!,8.24,326.0,822,17093,5716,finished,267,326,7.6,20261,Action
165,Tasogare Otome x Amnesia,8.24,332.0,311,41209,16482,finished,54,332,7.95,172367,Romance
166,Danshi Koukousei no Nichijou,8.24,333.0,665,20511,6830,finished,138,333,8.35,258914,Comedy
168,Rokka no Yuusha,7.14,5809.0,3617,4214,1013,finished,16,5809,7.63,218747,Action
169,Boku no Hero Academia,8.24,338.0,6,367240,178411,currently_publishing,0,338,8.36,282002,Action
171,Dungeon ni Deai wo Motomeru no wa Machigatteiru Darou ka,7.65,1741.0,375,35518,12317,discontinued,89,1741,7.88,336349,Action
172,Yugami-kun ni wa Tomodachi ga Inai,8.23,342.0,678,20214,6853,finished,81,342,5.86,858,Comedy
173,Saiyuuki Reload,8.23,348.0,2051,7451,2973,finished,66,348,7.54,16298,Action
174,Aku no Hana,8.23,351.0,67,119167,57174,finished,58,351,7.22,86669,Drama
175,Shouwa Genroku Rakugo Shinjuu,8.23,352.0,2466,6232,898,finished,31,352,8.59,71295,Drama
179,High School DxD,7.57,2127.0,597,22647,8458,finished,78,2127,7.7,398660,Ecchi
180,Ookiku Furikabutte,8.21,370.0,1724,8723,2339,currently_publishing,0,370,8.11,49599,Comedy
181,Sora no Otoshimono,8.21,372.0,324,40212,18433,finished,97,372,7.68,227681,Comedy
183,Ano Hi Mita Hana no Namae wo Bokutachi wa Mada Shiranai.,8.2,377.0,1109,13177,4893,finished,13,377,8.62,463835,Drama
185,Fukigen na Mononokean,8.2,380.0,1383,10916,3118,finished,93,380,7.46,44786,Supernatural
186,Yuu☆Yuu☆Hakusho,8.2,382.0,210,56015,26302,finished,176,382,8.47,195017,Action
187,Bishoujo Senshi Sailor Moon,8.2,383.0,271,45335,20905,finished,61,383,7.71,146521,Drama
188,Shingetsutan Tsukihime,8.2,384.0,396,33803,14493,finished,74,384,7.1,90713,Action
189,Diamond no Ace,8.2,388.0,741,18768,7867,finished,418,388,8.25,81384,Sports
190,Kimi to Boku.,8.19,392.0,1502,10015,1727,currently_publishing,0,392,7.85,86196,Comedy
191,Non Non Biyori,8.19,393.0,1536,9728,2099,finished,125,393,8.05,133475,Comedy
195,Ao Haru Ride,8.17,425.0,43,155551,79429,finished,53,425,7.89,227417,Romance
196,Binbougami ga!,8.18,402.0,807,17367,6465,finished,81,402,7.88,117091,Adventure
197,Fate/kaleid liner Prisma☆Illya 3rei!!,8.18,404.0,1804,8355,2919,currently_publishing,0,404,7.62,30457,Action
198,Kareshi Kanojo no Jijou,8.18,405.0,394,33945,13267,finished,108,405,7.66,94165,Romance
199,H2,8.17,419.0,1630,9236,4240,finished,338,419,7.39,4450,Comedy
200,Sayonara Zetsubou Sensei,8.16,433.0,506,26022,7020,finished,302,433,8.03,174531,Comedy
201,Beelzebub,8.16,437.0,78,107029,58931,finished,250,437,8.04,217752,Action
204,Tonari no Kaibutsu-kun,8.16,440.0,99,94806,41452,finished,55,440,7.77,349836,Comedy
205,Shingeki no Kyojin: Kuinaki Sentaku,8.16,441.0,268,45450,24478,finished,8,441,8.45,92543,Action
206,Donten ni Warau,8.15,450.0,668,20491,6350,finished,29,450,7.62,57649,Action
207,Chrno Crusade,8.15,452.0,514,25773,12353,finished,59,452,7.8,140865,Action
208,Maison Ikkoku,8.15,453.0,1067,13592,4491,finished,162,453,8.25,22079,Romance
210,Baby Steps,8.15,457.0,598,22639,9255,finished,462,457,7.96,59818,Sports
211,Kuroko no Basket,8.15,458.0,160,69295,36124,finished,276,458,8.46,338315,Sports
213,Full Metal Panic!,7.81,1104.0,932,15219,6932,finished,58,1104,7.81,256325,Action
214,Cardcaptor Sakura: Clear Card-hen,8.14,466.0,1068,13577,3686,currently_publishing,0,466,,6737,Adventure
215,Amaama to Inazuma,8.14,468.0,689,19984,5466,finished,63,468,7.63,95339,Comedy
217,Date A Live,7.06,6695.0,2706,5734,2204,finished,6,6695,7.54,301358,Romance
219,Katekyo Hitman Reborn!,8.13,474.0,73,112291,62704,finished,411,474,8.37,258103,Action
220,Sakigake!! Cromartie Koukou,8.13,475.0,1289,11645,3185,finished,335,475,8.02,67254,Comedy
221,Boku no Chikyuu wo Mamotte,8.13,477.0,1631,9222,2496,finished,138,477,7.29,7254,Fantasy
222,Majin Tantei Nougami Neuro,8.13,478.0,767,18179,6563,finished,203,478,7.76,42730,Supernatural
223,Gantz,8.12,483.0,26,188020,94856,finished,383,483,7.27,165335,Action
224,Wild Adapter,8.12,484.0,2233,6850,1473,on_hiatus,52,484,6.36,5196,Action
225,Bokurano,8.12,485.0,476,27456,9463,finished,66,485,7.82,81408,Drama
226,Futatsu no Spica,8.12,488.0,3141,4936,1072,finished,97,488,7.47,5894,Drama
228,Ore Monogatari!!,8.11,499.0,466,28182,9613,finished,52,499,8.11,200833,Comedy
229,X,8.11,502.0,647,21025,7727,on_hiatus,158,502,7.56,51004,Action
230,Shijou Saikyou no Deshi Kenichi,8.11,505.0,175,63735,34436,finished,584,505,8.25,129112,Action
232,Magi: Sinbad no Bouken,8.1,516.0,452,29554,11202,finished,182,516,8.06,52351,Action
233,Gokusen,8.1,519.0,977,14610,6221,finished,156,519,7.48,22009,Action
234,Hokuto no Ken,8.1,520.0,407,32955,12937,finished,245,520,7.99,40271,Action
235,Shigurui,8.1,521.0,637,21238,6763,finished,84,521,7.54,50091,Action
237,Gunslinger Girl,8.09,524.0,656,20782,6253,finished,100,524,7.55,106865,Action
238,Soul Eater,8.09,525.0,39,157060,71747,finished,117,525,8.08,580184,Action
239,Hotarubi no Mori e,8.09,527.0,750,18513,8487,finished,4,527,8.61,197439,Romance
241,Nekota no Koto ga Kininatte Shikatanai.,8.09,530.0,1483,10157,4094,finished,49,530,6.41,612,Romance
242,Gangsta.,8.09,542.0,230,52595,14730,currently_publishing,0,542,7.5,210752,Action
243,Mahou Shoujo Madoka★Magica,8.08,546.0,397,33564,17168,finished,12,546,8.51,462974,Fantasy
245,Yamada-kun to 7-nin no Majo,8.08,548.0,80,105667,48892,finished,246,548,7.37,23937,Comedy
246,High Score Girl,8.08,549.0,919,15398,5311,finished,65,549,,2670,Romance
248,Getter Robo Go,8.08,558.0,5632,2571,1218,finished,28,558,6.46,696,Action
249,Tanaka-kun wa Itsumo Kedaruge,8.08,561.0,583,23239,7000,finished,145,561,8.1,101335,Comedy
250,Vassalord.,8.07,567.0,999,14363,5109,finished,36,567,7.11,15114,Action
251,Capeta,8.07,570.0,4699,3164,851,finished,119,570,7.91,9711,Sports
253,Byousoku 5 Centimeter,8.0,680.0,494,26876,13354,finished,11,680,8.1,324035,Drama
256,Kokoro Connect,7.56,2205.0,1837,8216,2622,finished,32,2205,8.01,283847,Supernatural
258,Kyoukaisenjou no Horizon,7.11,6139.0,9480,1328,161,finished,42,6140,7.29,90977,Action
260,Log Horizon,7.39,3328.0,3323,4630,1029,on_hiatus,10,3328,8.14,387100,Action
261,Naruto,8.06,582.0,5,367809,244557,finished,700,582,7.81,683297,Action
263,Detroit Metal City,8.06,587.0,1119,13093,5187,finished,114,587,8.26,104893,Comedy
264,Saiyuuki Reload Blast,8.06,590.0,4108,3687,605,currently_publishing,0,590,,1286,Action
265,Aoharu x Kikanjuu,8.06,591.0,1023,14118,3818,finished,84,591,7.29,97674,Action
269,Saenai Heroine no Sodatekata,7.42,3070.0,2265,6777,1645,finished,42,3070,7.69,155795,Romance
270,Full Moon wo Sagashite,8.05,607.0,400,33492,17548,finished,35,607,8.08,59374,Comedy
271,Tekkon Kinkreet,8.05,608.0,1341,11307,3052,finished,33,608,8.11,46018,Action
273,Gokinjo Monogatari,8.04,617.0,1698,8861,3115,finished,33,617,7.56,7279,Romance
276,Soredemo Machi wa Mawatteiru,8.04,620.0,2417,6366,1598,finished,130,620,7.48,31906,Comedy
278,Sakurasou no Pet na Kanojo,7.86,989.0,1410,10724,2170,finished,49,989,8.4,380375,Ecchi
279,Tokyo Babylon,8.03,635.0,815,17238,6700,finished,18,635,6.82,11730,Drama
280,Saiyuuki,8.03,636.0,908,15619,6080,finished,56,636,6.62,1175,Action
281,Hidamari Sketch,8.03,639.0,2632,5871,1505,currently_publishing,0,639,7.51,42998,Comedy
282,Seitokai Yakuindomo,8.03,642.0,670,20446,5395,finished,0,642,7.71,217617,Comedy
283,Bokura ga Ita,8.02,647.0,283,43832,16164,finished,70,647,7.54,125051,Romance
284,Devilman,8.02,648.0,314,40895,18065,finished,53,648,6.55,5532,Action
285,Hori-san to Miyamura-kun,8.02,653.0,1183,12575,2687,finished,149,653,7.43,26535,Comedy
286,Senyuu.,8.02,654.0,3221,4792,1352,finished,32,654,7.49,56815,Adventure
288,Karneval,8.01,667.0,413,32510,8644,finished,163,667,7.25,11320,Action
289,Shinrei Tantei Yakumo,8.01,670.0,789,17723,4672,finished,65,670,7.47,78952,Romance
291,Kobayashi-san Chi no Maid Dragon,8.0,673.0,364,36485,11307,currently_publishing,0,673,,5765,Fantasy
292,Yowamushi Pedal,8.0,681.0,1189,12498,4015,currently_publishing,0,681,8.16,91138,Sports
293,Nijiiro Days,8.0,683.0,385,34790,11493,finished,80,683,7.52,57920,Comedy
294,Kekkaishi,8.0,686.0,482,27281,12642,finished,345,686,7.73,61884,Action
295,Deadman Wonderland,8.0,691.0,28,180308,86808,finished,58,691,7.48,453454,Action
297,Sasameki Koto,8.0,692.0,706,19545,7248,finished,55,692,7.21,34297,Comedy
298,Giant Killing,8.0,695.0,1478,10193,3406,currently_publishing,0,695,7.71,36947,Sports
299,D-Frag!,8.0,696.0,490,26958,8062,currently_publishing,0,696,7.75,154548,Romance
300,Candy Candy,7.99,698.0,4112,3683,1446,finished,44,698,7.58,11893,Drama
301,Shiki,7.99,700.0,788,17743,5495,finished,42,700,7.99,251093,Supernatural
302,Nurarihyon no Mago,7.99,702.0,343,38589,16992,finished,218,702,7.78,122976,Action
305,Soredemo Sekai wa Utsukushii,7.98,714.0,619,21907,6530,finished,150,714,7.8,99462,Adventure
307,Jitsu wa Watashi wa,7.98,716.0,333,39535,13693,finished,196,716,7.15,88500,Fantasy
308,Ranma ½,7.98,718.0,285,43654,22430,finished,407,718,7.87,105212,Action
309,School Rumble,7.98,719.0,489,27017,12747,finished,345,719,8.06,178553,Romance
310,Yamato Nadeshiko Shichihenge♥,7.98,720.0,535,25023,10316,finished,148,720,7.89,92088,Romance
312,Tenshi Nanka ja Nai,7.98,724.0,2872,5412,2104,finished,40,724,6.38,2027,Romance
313,Hana yori Dango,7.97,737.0,589,22961,10614,finished,244,737,7.9,28341,Romance
314,Dragon Quest: Dai no Daibouken,7.96,743.0,1508,9971,5313,finished,349,743,7.79,8999,Action
315,Tengen Toppa Gurren Lagann,7.96,744.0,1251,12036,4039,finished,65,744,8.78,562962,Action
316,Nabari no Ou,7.96,745.0,660,20716,6638,finished,72,745,7.44,107384,Action
319,Rakudai Kishi no Cavalry,7.47,2682.0,530,25229,9104,finished,47,2682,7.78,188685,Action
320,Mahou Sensei Negima!,7.95,769.0,162,68884,33835,finished,355,769,7.11,76253,Action
321,Kobato.,7.95,770.0,724,19203,8263,finished,40,770,8.09,88986,Adventure
322,Hatenkou Yuugi,7.95,772.0,2353,6545,1613,currently_publishing,0,772,7.3,25885,Action
324,Code Geass: Hangyaku no Lelouch,7.61,1890.0,812,17312,6835,finished,40,1890,8.83,715151,Action
325,Nozoki Ana,7.95,783.0,129,81730,45223,finished,117,783,6.63,21200,Drama
327,Saishuu Heiki Kanojo,7.94,792.0,995,14390,4623,finished,72,792,7.31,58051,Drama
328,Uragiri wa Boku no Namae wo Shitteiru,7.94,793.0,1388,10870,3059,finished,68,793,7.43,55040,Adventure
329,Bartender,7.94,795.0,1003,14288,5026,finished,167,795,7.5,44394,Drama
330,Hakkenden: Touhou Hakken Ibun,7.94,797.0,3822,3974,687,currently_publishing,0,797,7.57,61017,Action
331,Hetalia Axis Powers,7.94,798.0,642,21168,8674,finished,0,798,7.76,144898,Comedy
332,Zetsuen no Tempest,7.94,799.0,708,19530,6345,finished,50,799,8.17,259900,Action
334,Ajin,7.94,812.0,95,97596,31857,finished,84,812,7.78,160972,Action
335,Hoshi no Koe,7.93,823.0,657,20781,8692,finished,10,823,7.53,85492,Romance
336,Ichigo Mashimaro,7.93,824.0,2316,6641,1828,currently_publishing,0,824,7.77,46333,Comedy
337,Special A,7.93,827.0,342,38618,17859,finished,104,827,7.78,173603,Romance
338,07-Ghost,7.93,828.0,426,31288,13029,finished,100,828,7.41,126083,Action
339,Crayon Shin-chan,7.93,831.0,3352,4582,2142,finished,1126,831,7.73,26267,Comedy
340,Kimi no Iru Machi,7.93,832.0,167,65916,31779,finished,270,832,7.17,63418,Ecchi
342,Baka to Test to Shoukanjuu,7.42,3094.0,2090,7325,1983,finished,84,3094,7.83,301282,Comedy
343,Ao no Exorcist,7.93,834.0,52,138796,54085,currently_publishing,0,834,7.92,583823,Action
345,Sousei no Onmyouji,7.92,846.0,320,40359,13431,currently_publishing,0,846,7.11,128869,Action
346,Aishiteruze Baby★★,7.92,849.0,646,21081,11396,finished,33,849,7.58,63959,Romance
347,Tenshi Kinryouku,7.92,850.0,578,23396,9571,finished,120,850,6.46,36352,Fantasy
348,Suzuka,7.91,857.0,273,45141,22642,finished,171,857,7.35,64161,Ecchi
350,Vampire Hunter D,7.48,2634.0,3228,4776,1331,finished,0,2634,7.26,42377,Action
352,Shakugan no Shana,7.61,1884.0,1590,9414,3363,finished,71,1884,7.74,297058,Action
354,Dungeon ni Deai wo Motomeru no wa Machigatteiru Darou ka Gaiden: Sword Oratoria,7.69,1571.0,3013,5150,1454,currently_publishing,0,1571,,12406,Action
355,Inu x Boku SS,7.9,895.0,409,32864,10655,finished,58,895,7.69,216204,Supernatural
356,Elfen Lied,7.89,904.0,113,87280,45996,finished,113,904,7.85,623511,Action
357,Clannad,7.89,905.0,1476,10206,3166,finished,45,905,8.3,566690,Romance
359,Saint☆Oniisan,7.89,909.0,581,23313,5248,currently_publishing,0,909,7.64,33668,Comedy
361,Mahou Shoujo Ikusei Keikaku,6.79,9939.0,7744,1749,504,finished,11,9939,7.17,46024,Action
362,"Gate: Jieitai Kanochi nite, Kaku Tatakaeri",7.88,925.0,594,22715,7460,currently_publishing,0,925,7.97,244314,Action
364,New Game!,7.87,947.0,727,19080,4945,finished,0,947,7.81,91932,Comedy
368,Hataraku Maou-sama!,7.87,952.0,410,32804,9653,currently_publishing,0,952,8.03,409037,Fantasy
369,Hayate no Gotoku!,7.87,956.0,453,29525,13156,finished,570,956,7.75,130085,Action
371,Little Busters!,7.87,962.0,4411,3393,600,currently_publishing,0,962,7.64,138655,Supernatural
372,Lucky☆Star,7.86,967.0,1058,13710,4582,currently_publishing,0,967,7.87,305837,Comedy
373,To LOVE-Ru Darkness,7.86,985.0,275,44552,22568,finished,100,985,7.82,135929,Comedy
374,Akame ga Kill!,7.86,987.0,42,155639,76096,finished,80,987,7.84,492133,Action
376,Maoyuu Maou Yuusha,7.56,2207.0,1985,7626,1676,finished,63,2207,7.44,164445,Adventure
378,"Inari, Konkon, Koi Iroha.",7.85,995.0,854,16374,5972,finished,53,995,7.28,65402,Romance
379,Kodomo no Jikan,7.85,999.0,696,19831,9527,finished,93,999,6.39,6172,Ecchi
380,Arakawa Under the Bridge,7.85,1004.0,927,15292,4646,finished,410,1004,7.71,162622,Romance
381,Clover,7.85,1005.0,2386,6450,2238,finished,401,1005,7.02,8524,Action
382,Clover,7.59,1998.0,1027,14065,6024,finished,20,1998,7.02,8524,Drama
383,Clover,7.24,4707.0,4476,3345,1660,finished,5,4707,7.02,8524,Romance
384,Clover,7.06,6716.0,14495,697,177,finished,106,6716,7.02,8524,Romance
386,InuYasha,7.84,1018.0,206,56758,28541,finished,558,1018,7.89,281632,Adventure
388,Ginga Tetsudou 999,7.84,1020.0,7104,1942,393,finished,0,1020,7.9,12672,Adventure
389,Switch,7.84,1021.0,1380,10953,2869,finished,73,1021,7.12,17871,Action
390,Switch,7.08,6419.0,12470,893,265,finished,150,6420,7.12,17871,Sports
391,Switch,6.83,9442.0,8868,1459,623,finished,11,9442,7.12,17871,Romance
393,Golden Time,7.69,1554.0,1513,9932,3081,finished,52,1554,7.92,273191,Romance
394,Flying Witch,7.84,1030.0,1004,14287,3369,currently_publishing,0,1030,7.65,95933,Supernatural
396,Rokudenashi Majutsu Koushi to Akashic Records,7.39,3264.0,1172,12655,3290,finished,78,3264,,4174,Action
398,Mayo Chiki!,7.72,1431.0,648,21007,10366,finished,40,1431,7.53,192219,Romance
400,Madan no Ou to Vanadis,7.37,3487.0,1401,10768,3802,finished,51,3487,7.28,114612,Ecchi
401,World Trigger,7.83,1050.0,346,38414,13327,currently_publishing,0,1050,7.75,106872,Action
402,Love Hina,7.83,1054.0,180,61952,34508,finished,120,1054,7.28,156627,Comedy
404,Black Cat,7.83,1055.0,282,43863,20873,finished,187,1055,7.52,150512,Action
405,Hybrid Child,7.83,1056.0,1598,9369,4553,finished,5,1056,8.09,26036,Drama
406,Trinity Blood,7.83,1057.0,950,14988,4791,finished,89,1057,7.44,113791,Action
407,Saiunkoku Monogatari,7.83,1060.0,3018,5145,1372,finished,44,1060,8.06,50951,Fantasy
409,Tegamibachi,7.83,1061.0,587,23049,7822,finished,100,1061,7.76,70987,Adventure
410,Jormungand,7.83,1062.0,1323,11423,2774,finished,70,1062,7.96,137610,Action
411,Ushio to Tora,7.83,1066.0,2077,7367,2501,finished,313,1066,7.23,6086,Action
413,Hanbun no Tsuki ga Noboru Sora,7.12,6003.0,7164,1922,751,finished,14,6003,7.69,65125,Drama
414,Black Clover,7.82,1082.0,38,158702,77973,currently_publishing,0,1082,8.6,2247,Action
417,Densetsu no Yuusha no Densetsu,7.34,3728.0,4139,3660,871,finished,45,3728,7.83,130689,Action
419,Tokyo Ravens,7.49,2563.0,1996,7601,1822,finished,82,2563,7.8,171384,Romance
420,Shaman King,7.82,1088.0,170,65576,32839,finished,288,1088,7.83,169517,Action
422,Shinryaku! Ika Musume,7.82,1096.0,2359,6537,2177,finished,419,1096,7.6,95242,Comedy
423,Drifters,7.82,1097.0,412,32644,9986,currently_publishing,0,1097,7.93,102857,Action
424,Kamikaze Kaitou Jeanne,7.81,1100.0,773,18114,9890,finished,33,1100,7.52,31081,Adventure
425,Chobits,7.81,1101.0,186,61040,34163,finished,88,1101,7.57,266846,Comedy
427,Tsugumomo,7.81,1112.0,534,25120,6942,currently_publishing,0,1112,,1303,Action
429,Kamisama no Memochou,7.27,4353.0,6613,2130,409,finished,23,4353,7.7,130502,Romance
430,Owari no Seraph,7.8,1141.0,105,91147,32717,currently_publishing,0,1141,7.65,315630,Action
431,Ichigo 100%,7.8,1146.0,289,43154,19608,finished,167,1146,6.84,67310,Ecchi
432,Air Gear,7.8,1147.0,145,75513,37372,finished,358,1147,7.69,194611,Action
435,Seikai no Monshou,7.23,4804.0,13004,837,174,finished,41,4804,7.83,26379,Action
436,Medaka Box,7.8,1157.0,201,57418,24321,finished,194,1157,7.21,110042,Action
438,Yumekui Merry,7.8,1158.0,989,14414,4010,finished,142,1158,7.08,89183,Action
439,Midori no Hibi,7.79,1173.0,693,19898,10915,finished,86,1173,7.45,87938,Comedy
441,Zero no Tsukaima,7.33,3804.0,1404,10765,4233,finished,45,3804,7.62,346828,Ecchi
442,Amanchu!,7.79,1183.0,1781,8507,1834,finished,102,1183,7.45,40481,Comedy
443,Kobayashi ga Kawai sugite Tsurai!!,7.79,1189.0,1795,8423,2643,finished,76,1189,6.4,4251,Romance
445,Nejimaki Seirei Senki: Tenkyou no Alderamin,7.46,2774.0,2067,7407,2731,finished,32,2774,7.95,86475,Action
447,Oda Nobuna no Yabou,7.26,4486.0,6898,2016,360,finished,32,4486,7.7,133216,Comedy
448,Rozen Maiden,7.78,1219.0,900,15735,6321,finished,46,1219,7.57,128688,Supernatural
450,Magic Kaito,7.77,1253.0,2108,7279,2926,currently_publishing,0,1253,8.02,27274,Adventure
452,FLCL,7.28,4242.0,617,21915,11275,finished,15,4242,8.06,305165,Comedy
453,Karin,7.76,1259.0,418,32133,16920,finished,63,1259,7.33,106142,Comedy
454,Trigun,7.76,1261.0,477,27335,11767,finished,22,1261,8.32,283069,Action
455,Nazo no Kanojo X,7.76,1265.0,354,37293,17693,finished,96,1265,7.4,99788,Ecchi
456,Break Blade,7.76,1268.0,782,17845,6117,currently_publishing,0,1268,7.43,46601,Action
457,Hime-chan no Ribbon,7.76,1269.0,9554,1314,468,finished,45,1269,7.54,3589,Fantasy
458,Heart no Kuni no Alice: Wonderful Wonder World,7.76,1271.0,474,27591,12835,finished,36,1271,6.26,20532,Fantasy
459,K-On!,7.76,1272.0,435,30680,14654,finished,57,1272,7.87,386048,Comedy
460,Sidonia no Kishi,7.76,1275.0,500,26367,9184,finished,78,1275,7.87,118341,Action
461,Makai Ouji: Devils and Realist,7.76,1278.0,969,14705,3977,finished,96,1278,7.2,59819,Comedy
463,Nanbaka,7.76,1288.0,2382,6463,1440,currently_publishing,0,1288,7.19,57325,Action
464,Gabriel DropOut,7.76,1290.0,1140,12888,3415,currently_publishing,0,1290,,4139,Supernatural
465,Thermae Romae,7.76,1291.0,2635,5866,1982,finished,38,1291,7.13,13444,Comedy
466,Sakamoto desu ga?,7.76,1296.0,447,30085,12572,finished,27,1296,7.67,171452,Comedy
468,Puchimas!: Petit iDOLM@STER,7.75,1302.0,10393,1174,317,currently_publishing,0,1302,7.26,9208,Comedy
469,Terra e...,7.75,1312.0,4319,3483,1070,finished,28,1312,6.63,4807,Adventure
470,Nana to Kaoru,7.75,1314.0,278,44205,17926,finished,160,1314,5.79,12919,Ecchi
471,Whistle!,7.74,1339.0,3027,5127,2407,finished,216,1339,7.53,8040,Sports
472,Peace Maker Kurogane,7.74,1340.0,3195,4842,1460,currently_publishing,0,1340,7.43,35123,Action
474,Daa! Daa! Daa!,7.74,1345.0,3717,4096,2141,finished,47,1345,7.81,12673,Comedy
476,Maria-sama ga Miteru,7.64,1762.0,6160,2312,734,finished,48,1762,7.48,33989,Drama
478,Chrome Shelled Regios,7.07,6572.0,6037,2367,701,finished,20,6573,7.57,103615,Action
479,Zekkyou Gakkyuu,7.74,1355.0,1535,9731,2554,finished,81,1355,5.5,1651,Supernatural
481,Kiniro Mosaic,7.74,1360.0,4709,3159,585,finished,148,1360,7.41,78131,Comedy
482,Tonari no Seki-kun,7.74,1361.0,823,17071,5293,currently_publishing,0,1361,7.69,82568,Comedy
483,Watashi ga Motenai no wa Dou Kangaetemo Omaera ga Warui!,7.74,1362.0,250,47865,16653,currently_publishing,0,1362,7.29,257925,Comedy
484,Nisekoi,7.74,1363.0,30,177193,100947,finished,229,1363,7.91,347599,Comedy
485,Kono Bijutsubu ni wa Mondai ga Aru!,7.74,1365.0,700,19718,5420,currently_publishing,0,1365,7.5,69088,Romance
486,Kotonoha no Niwa,7.74,1366.0,1428,10615,4884,finished,7,1366,8.35,189741,Drama
487,Demi-chan wa Kataritai,7.74,1375.0,659,20733,5134,currently_publishing,0,1375,,6252,Fantasy
488,Urara Meirochou,7.74,1379.0,3937,3854,710,finished,69,1379,,4305,Fantasy
489,Piece,7.73,1381.0,3910,3884,1180,finished,21,1381,6.22,1143,Drama
491,Accel World,7.29,4168.0,1367,11094,3667,finished,45,4168,7.62,324284,Action
492,Bleach,7.73,1390.0,12,311208,191927,finished,705,1390,7.95,624055,Action
494,Shugo Chara!,7.73,1392.0,377,35253,18248,finished,55,1392,7.61,121108,Comedy
495,Rekka no Honoo,7.73,1393.0,1073,13518,6358,finished,330,1393,7.44,35258,Action
496,Urusei Yatsura,7.73,1395.0,1831,8249,2368,finished,366,1395,7.78,23020,Comedy
497,RG Veda,7.73,1396.0,1785,8498,3494,finished,16,1396,6.28,5070,Adventure
498,Tekken Chinmi,7.73,1397.0,8631,1515,629,finished,162,1397,7.43,1833,Adventure
499,Suzumiya Haruhi no Yuuutsu,7.73,1399.0,888,15874,5854,finished,105,1399,8.06,428569,Supernatural
500,Suzumiya Haruhi no Yuuutsu,7.66,1668.0,4131,3666,1304,finished,8,1668,8.06,428569,Comedy
503,Suzumiya Haruhi-chan no Yuuutsu,7.73,1406.0,4460,3353,994,finished,164,1406,7.63,70416,Comedy
505,Hidan no Aria,7.31,3987.0,1715,8760,2614,currently_publishing,0,3987,7.13,171888,Action
507,Mirai Nikki,7.72,1439.0,96,96803,51432,finished,59,1439,7.51,114217,Action
509,Master Keaton,7.72,1440.0,2480,6194,1067,finished,144,1440,7.76,9610,Adventure
511,Rokudenashi Blues,7.72,1446.0,2205,6957,1226,finished,422,1446,6.62,465,Action
512,Samurai Deeper Kyou,7.71,1453.0,596,22660,10256,finished,308,1453,7.02,38580,Action
513,Dance in the Vampire Bund,7.71,1460.0,518,25553,10466,finished,82,1460,7.2,121005,Action
515,Grappler Baki,7.71,1465.0,801,17445,7345,finished,371,1465,6.95,4557,Action
516,Kishibe Rohan wa Ugokanai,7.71,1469.0,1414,10701,4531,currently_publishing,0,1469,,2607,Supernatural
517,Chichi to Ko,7.71,1471.0,4623,3227,735,finished,123,1471,6.0,45,Comedy
521,Machine-Doll wa Kizutsukanai,7.62,1860.0,975,14616,4381,currently_publishing,0,1860,7.39,136751,Action
523,Dr. Slump,7.7,1501.0,1107,13198,5562,finished,236,1501,7.11,8735,Comedy
524,Kyoushoku Soukou Guyver,7.7,1503.0,4758,3135,812,on_hiatus,201,1503,6.49,3185,Action
527,Hakushaku to Yousei,7.47,2721.0,1256,11944,4470,finished,16,2721,7.47,63915,Fantasy
528,Kekkai Sensen,7.7,1515.0,1182,12579,2216,finished,33,1515,7.74,220573,Action
530,Summer Wars,7.7,1518.0,2009,7565,3582,finished,13,1518,8.3,223359,Comedy
532,Hiyokoi,7.7,1520.0,231,52253,19208,finished,67,1520,7.53,51072,Romance
533,Kuro,7.7,1524.0,1077,13486,5267,finished,22,1524,5.28,74,Supernatural
534,Pumpkin Scissors,7.69,1534.0,3600,4231,1021,currently_publishing,0,1534,7.25,23931,Action
535,Video Girl Ai,7.69,1535.0,1083,13437,6234,finished,131,1535,7.31,13970,Ecchi
536,Working!!,7.69,1541.0,1591,9406,2720,finished,281,1541,7.82,189367,Comedy
538,Sankarea,7.69,1549.0,148,73869,34983,finished,59,1549,7.53,222657,Comedy
539,Denpa Kyoushi,7.69,1552.0,441,30343,10620,finished,247,1552,6.45,5010,Romance
540,Monster Musume no Iru Nichijou,7.69,1553.0,159,69377,26351,currently_publishing,0,1553,7.39,181845,Ecchi
542,Black Bullet,7.22,4942.0,997,14372,5246,finished,20,4942,7.44,320267,Action
543,Arslan Senki,7.69,1559.0,772,18118,4261,currently_publishing,0,1559,7.03,10953,Action
545,Arslan Senki,7.31,4042.0,11032,1072,186,finished,0,4042,7.03,10953,Action
546,Acchi Kocchi,7.68,1578.0,2049,7452,1578,currently_publishing,0,1578,7.59,3433,Romance
548,Loveless,7.68,1589.0,502,26297,10893,currently_publishing,0,1589,7.19,85554,Fantasy
550,Souten no Ken,7.68,1593.0,3136,4942,1651,finished,260,1593,6.89,4160,Action
551,Kusatta Kyoushi no Houteishiki,7.68,1596.0,7850,1715,786,finished,47,1596,6.26,2649,Comedy
552,Mononoke,7.68,1599.0,2416,6370,2091,finished,19,1599,8.49,88850,Fantasy
553,Zettai Karen Children,7.68,1600.0,1998,7595,2270,finished,622,1600,7.47,25876,Action
557,Keroro Gunsou,7.67,1648.0,2246,6828,3090,currently_publishing,0,1648,7.93,31632,Comedy
558,Zetman,7.67,1653.0,393,33984,11914,finished,226,1653,7.01,65633,Action
559,Zetman,6.33,13812.0,5690,2534,1146,finished,4,13812,7.01,65633,Action
560,"Kyou, Koi wo Hajimemasu",7.67,1656.0,272,45197,22253,finished,100,1656,6.62,20953,Drama
561,Nyan Koi!,7.67,1663.0,1645,9144,2771,on_hiatus,35,1663,7.39,142264,Comedy
563,Blood+,7.58,2073.0,1215,12300,5276,finished,20,2073,7.8,208321,Action
565,Seitokai no Ichizon,7.37,3523.0,5904,2421,553,finished,45,3523,7.52,110470,Ecchi
566,Handa-kun,7.66,1680.0,979,14589,4798,finished,34,1680,7.46,69621,Comedy
567,Buddy Go!,7.66,1693.0,3140,4939,1636,finished,58,1693,6.42,1415,Romance
569,Bakemono no Ko,7.57,2120.0,5762,2494,721,finished,20,2120,8.58,80825,Adventure
570,Hoozuki no Reitetsu,7.66,1709.0,3326,4626,688,finished,277,1709,7.84,47619,Fantasy
571,Akachan to Boku,7.65,1722.0,6446,2197,819,finished,108,1722,8.02,8353,Comedy
572,Fushigi Yuugi,7.65,1723.0,638,21225,10229,finished,106,1723,7.77,61622,Action
573,Rosario to Vampire,7.65,1727.0,115,85580,46402,finished,40,1727,7.14,299278,Action
575,Toriko,7.65,1732.0,313,41022,20665,finished,396,1732,7.74,54790,Action
578,Masamune-kun no Revenge,7.31,4040.0,119,84326,42402,finished,61,4040,,20776,Comedy
579,Amatsuki,7.64,1763.0,1377,11016,2835,finished,158,1763,7.04,41920,Action
581,Clockwork Planet,7.39,3353.0,1522,9859,2905,finished,51,3353,,3999,Fantasy
582,Danchigai,7.64,1796.0,3353,4582,1280,currently_publishing,0,1796,6.64,37913,Comedy
584,Amagi Brilliant Park,7.26,4497.0,3015,5146,1418,finished,32,4497,7.68,217003,Fantasy
585,Love Lab,7.63,1803.0,3481,4380,774,finished,197,1803,7.49,79493,Romance
586,Isekai Shokudou,7.63,1807.0,4549,3281,1055,finished,29,1807,,749,Comedy
588,GetBackers,7.63,1809.0,1125,13056,5183,finished,344,1809,7.73,73536,Action
590,Shinigami no Ballad.,7.54,2270.0,6501,2177,752,finished,12,2271,7.05,32297,Supernatural
591,Needless,7.63,1821.0,1772,8545,3275,finished,114,1821,7.44,86942,Action
592,GA: Geijutsuka Art Design Class,7.63,1825.0,8412,1569,388,finished,98,1825,7.23,12825,Comedy
594,Ore no Imouto ga Konnani Kawaii Wake ga Nai,7.05,6874.0,1234,12134,5327,finished,26,6874,7.49,321477,Ecchi
595,Shakunetsu no Takkyuu Musume,7.62,1850.0,10591,1138,247,finished,32,1850,6.89,14465,Sports
598,Heavy Object,6.92,8464.0,6360,2232,967,finished,5,8464,7.41,68382,Action
599,Nagareboshi Lens,7.62,1862.0,1766,8558,2425,finished,56,1862,6.79,12437,Romance
600,Plastic Neesan,7.62,1863.0,2481,6193,1396,currently_publishing,0,1863,7.41,83977,Comedy
601,Servamp,7.62,1865.0,938,15159,4222,currently_publishing,0,1865,7.12,73126,Action
602,Yu☆Gi☆Oh!,7.61,1882.0,414,32213,16413,finished,343,1882,7.29,89243,Action
604,Mahou Shoujo Lyrical Nanoha ViVid,7.61,1901.0,4551,3280,1152,finished,104,1901,6.81,11952,Action
605,Blood Lad,7.61,1930.0,196,59409,22180,finished,85,1930,7.55,241513,Action
607,Gugure! Kokkuri-san,7.61,1932.0,3850,3941,861,finished,115,1932,7.69,87824,Supernatural
608,The iDOLM@STER,7.61,1937.0,10470,1160,263,finished,42,1937,7.75,81155,Comedy
610,Taimadou Gakuen 35 Shiken Shoutai,6.72,10706.0,3989,3796,1478,finished,16,10706,7.05,99133,Action
611,Taimadou Gakuen 35 Shiken Shoutai,6.7,10914.0,5408,2693,514,finished,12,10914,7.05,99133,Action
613,Gakusen Toshi Asterisk,7.02,7306.0,2237,6848,1862,finished,37,7307,7.14,168657,Action
614,Marmalade Boy,7.6,1960.0,875,16085,8237,finished,40,1960,7.64,24745,Comedy
615,Magic Knight Rayearth,7.6,1961.0,791,17679,9485,finished,15,1961,7.53,34141,Comedy
616,Highschool of the Dead,7.6,1962.0,131,81246,38049,discontinued,33,1962,7.46,535892,Action
617,Minami-ke,7.6,1966.0,2482,6192,1701,currently_publishing,0,1966,7.81,105471,Comedy
618,Hyakko,7.6,1972.0,7347,1866,509,currently_publishing,0,1972,7.34,33112,Comedy
619,Otome Youkai Zakuro,7.6,1973.0,2621,5901,1517,currently_publishing,0,1973,7.6,61957,Fantasy
620,Sunabouzu,7.6,1975.0,3116,4979,1043,finished,139,1975,7.55,65516,Action
622,Fairy Tail,7.59,2003.0,17,250018,147448,finished,549,2003,8.22,584590,Action
624,Death March kara Hajimaru Isekai Kyousoukyoku,7.11,6162.0,526,25395,8386,currently_publishing,0,6163,,240,Fantasy
625,Zipang,7.59,1999.0,5659,2554,602,finished,422,1999,7.56,8630,Action
626,Gravitation,7.59,2001.0,1061,13644,7205,finished,54,2001,7.26,67916,Romance
627,Itazura na Kiss,7.59,2010.0,1672,8984,3241,finished,100,2010,7.76,136279,Romance
628,Boku wa Tomodachi ga Sukunai,7.59,2020.0,629,21471,6073,finished,109,2020,7.57,325664,Romance
630,Mikakunin de Shinkoukei,7.59,2021.0,1970,7668,1377,currently_publishing,0,2021,7.59,133385,Romance
632,Papa no Iukoto wo Kikinasai!,7.45,2819.0,2560,6016,2803,finished,15,2819,7.51,97674,Ecchi
634,Strike the Blood,7.28,4333.0,2373,6500,1547,finished,54,4333,7.44,231387,Action
635,Servant x Service,7.59,2034.0,3031,5124,1155,finished,78,2034,7.79,81037,Comedy
636,Orenchi no Furo Jijou,7.59,2035.0,2897,5386,1301,finished,114,2035,7.15,47157,Fantasy
639,Dimension W,7.58,2061.0,1170,12662,3052,finished,116,2061,7.36,130028,Action
640,Nanatsu no Taizai,7.58,2063.0,37,162725,82677,finished,364,2063,8.42,331627,Action
641,Osomatsu-san,7.58,2066.0,8264,1606,335,currently_publishing,0,2066,8.27,60988,Comedy
642,Ayashi no Ceres,7.58,2069.0,1105,13200,6621,finished,83,2069,7.38,38336,Fantasy
643,Aa! Megami-sama!,7.58,2070.0,899,15751,6405,finished,308,2070,7.41,34590,Fantasy
644,Yakitate!! Japan,7.58,2071.0,1282,11684,5688,finished,242,2071,8.05,50876,Comedy
645,Golgo 13,7.58,2076.0,3494,4365,627,currently_publishing,0,2076,6.93,6344,Action
646,Haikara-san ga Tooru,7.58,2078.0,9948,1243,196,finished,0,2078,7.39,1155,Romance
647,Yozakura Quartet,7.58,2080.0,1267,11866,2289,currently_publishing,0,2080,6.96,68023,Action
649,Mitsudomoe,7.58,2095.0,4868,3051,729,finished,349,2095,7.73,56483,Comedy
650,Btooom!,7.57,2121.0,150,72732,29075,finished,125,2121,7.68,329561,Action
652,Haiyore! Nyaruko-san,6.79,9883.0,10022,1232,146,finished,11,9883,7.25,154595,Action
653,Princess Princess,7.57,2135.0,2125,7239,3292,finished,25,2135,7.16,38778,Comedy
654,Sugar Sugar Rune,7.57,2137.0,1569,9530,4562,finished,46,2137,7.56,16484,Fantasy
655,Monochrome Factor,7.57,2138.0,2630,5877,2111,finished,65,2138,7.13,36517,Action
656,Kinnikuman,7.57,2145.0,4521,3306,888,currently_publishing,0,2145,7.35,3623,Action
657,Sekirei,7.56,2164.0,417,32169,13604,finished,213,2164,7.4,182713,Action
658,Saint Seiya,7.56,2165.0,894,15809,7856,finished,110,2165,8.03,70559,Action
659,Nagasarete Airantou,7.56,2166.0,1826,8265,2911,currently_publishing,0,2166,7.43,52817,Ecchi
660,Eat-Man,7.56,2167.0,4798,3098,836,finished,101,2167,6.7,4041,Action
661,Nagato Yuki-chan no Shoushitsu,7.56,2172.0,1947,7727,2767,finished,79,2172,6.77,62601,Romance
662,Watashi ga Motete Dousunda,7.56,2174.0,270,45352,16991,finished,60,2174,7.64,57638,Romance
663,UQ Holder!,7.56,2175.0,262,45981,14386,currently_publishing,0,2175,,2341,Action
664,Ookami Shoujo to Kuro Ouji,7.56,2208.0,229,52685,22491,finished,67,2208,7.47,145439,Comedy
665,Isshuukan Friends.,7.56,2211.0,828,16984,6266,finished,41,2211,7.7,139601,Comedy
666,Sakura Trick,7.56,2214.0,1801,8375,2216,finished,84,2214,7.2,108011,Comedy
667,Fukumenkei Noise,7.55,2222.0,1093,13343,3559,finished,109,2222,,2127,Romance
669,Ibara no Ou,7.55,2228.0,929,15269,6849,finished,37,2228,7.24,38670,Action
670,Fate/stay night,7.55,2229.0,872,16136,5775,finished,87,2229,7.58,374880,Action
671,Yume de Aetara,7.55,2230.0,3319,4636,1811,finished,143,2230,6.66,2703,Comedy
672,Kimagure Orange☆Road,7.55,2231.0,2743,5657,1922,finished,156,2231,7.7,16012,Romance
673,Tokimeki Tonight,7.55,2232.0,9407,1345,376,finished,0,2232,7.48,3057,Romance
674,Seto no Hanayome,7.54,2263.0,1978,7646,2055,finished,79,2264,7.95,165008,Ecchi
677,Strawberry Panic,7.09,6337.0,2193,6992,3301,finished,14,6337,7.45,72790,Drama
678,Patalliro!,7.54,2278.0,12862,850,164,currently_publishing,0,2279,7.63,2409,Adventure
679,Days,7.54,2310.0,2148,7156,2198,finished,376,2311,6.83,2907,Sports
680,Major 2nd,7.54,2316.0,6533,2164,581,currently_publishing,0,2316,6.65,458,Sports
681,Oshiete! Galko-chan,7.53,2324.0,2748,5647,1033,currently_publishing,0,2324,7.15,45778,Comedy
682,Prison School,7.53,2330.0,70,114615,52111,finished,278,2330,8.03,227734,Comedy
684,Hellsing: The Dawn,7.53,2355.0,1434,10562,4248,finished,6,2355,7.37,40548,Action
686,Moyashimon,7.53,2360.0,3667,4158,950,finished,159,2360,7.69,44465,Comedy
688,Zero kara Hajimeru Mahou no Sho,7.16,5559.0,6086,2347,466,finished,28,5559,,7716,Fantasy
689,Kamichama Karin,7.52,2411.0,1330,11372,5681,finished,32,2411,7.51,30747,Fantasy
690,3x3 Eyes,7.52,2415.0,2106,7287,2273,finished,577,2415,6.97,15683,Action
691,Happy World!,7.52,2419.0,3549,4300,2080,finished,72,2419,6.11,4348,Comedy
692,Wangan Midnight,7.52,2427.0,7033,1965,360,finished,0,2427,7.54,10058,Action
693,Erementar Gerad,7.51,2434.0,1778,8520,3597,finished,96,2434,7.44,63193,Action
694,To LOVE-Ru,7.51,2435.0,185,61149,33308,finished,162,2435,7.34,237563,Comedy
695,Kure-nai,7.51,2441.0,1292,11637,3938,finished,55,2441,7.52,59099,Action
698,Hentai Ouji to Warawanai Neko.,7.43,2967.0,1040,13935,4355,finished,52,2967,7.46,201735,Ecchi
699,Denki-gai no Honya-san,7.51,2483.0,1894,7969,1473,finished,107,2483,7.28,61228,Comedy
700,A-Channel,7.5,2486.0,3421,4485,1166,finished,170,2486,7.06,58564,Comedy
701,Guilty Crown,7.5,2491.0,2559,6017,1252,finished,26,2491,7.81,460959,Action
702,Nobunaga Concerto,7.5,2493.0,6657,2113,436,currently_publishing,0,2493,7.79,25167,Romance
703,Area no Kishi,7.5,2511.0,1770,8552,3146,finished,503,2511,7.38,38310,Comedy
704,Kaibutsu Oujo,7.49,2537.0,1075,13514,5067,finished,87,2537,7.16,44825,Action
705,Ginga Densetsu Weed,7.49,2546.0,6796,2056,844,finished,500,2546,7.31,7484,Drama
706,Code:Breaker,7.49,2548.0,336,39128,17225,finished,230,2548,7.03,135255,Action
707,Yuyushiki,7.49,2574.0,6119,2332,436,currently_publishing,0,2574,7.45,50351,Comedy
709,Shinmai Maou no Testament,7.21,4967.0,918,15416,4813,finished,46,4967,7.11,172321,Action
711,Saijaku Muhai no Bahamut,7.08,6515.0,2467,6230,1495,finished,46,6517,6.87,94430,Action
714,Pyuu to Fuku! Jaguar,7.48,2630.0,6977,1985,469,finished,438,2630,6.78,312,Comedy
715,Togainu no Chi,7.48,2635.0,5705,2526,625,finished,4,2635,6.42,53377,Action
716,Togainu no Chi,7.48,2642.0,3578,4268,890,on_hiatus,0,2642,6.42,53377,Action
719,Tokyo ESP,7.47,2691.0,748,18545,5661,finished,77,2691,6.64,95168,Action
720,Vampire Knight,7.47,2703.0,108,90425,48428,finished,102,2703,7.4,286826,Romance
721,Jigoku Sensei Nube,7.47,2705.0,4876,3045,918,finished,279,2705,7.65,8908,Supernatural
722,Bobobo-bo Bo-bobo,7.47,2707.0,1736,8660,2676,finished,230,2707,7.54,39041,Adventure
723,Angel Heart,7.47,2708.0,5047,2920,1027,finished,363,2708,7.38,9550,Action
725,Honoo no Mirage,6.91,8525.0,17907,474,108,finished,16,8525,6.74,12835,Supernatural
727,Boyfriend,7.47,2725.0,1885,8000,4205,finished,11,2725,5.68,243,Drama
728,Boyfriend,7.31,3967.0,10375,1177,259,finished,0,3967,5.68,243,Drama
730,Ultra Maniac,7.46,2734.0,1448,10430,5644,finished,25,2734,7.3,20062,Comedy
731,Level E,7.46,2736.0,2243,6834,2554,finished,16,2736,7.58,55252,Comedy
732,Koi Kaze,7.46,2738.0,2093,7321,3284,finished,35,2738,7.34,41250,Romance
733,Chibi Maruko-chan,7.46,2764.0,16163,577,189,finished,120,2764,7.86,4739,Comedy
735,Atom: The Beginning,7.46,2776.0,7278,1888,320,currently_publishing,0,2776,,931,Action
739,Dantalian no Shoka,7.36,3584.0,4299,3502,1040,finished,30,3583,7.34,84779,Action
740,Sugar*Soldier,7.45,2820.0,1762,8582,2631,finished,61,2820,5.87,6738,Romance
742,Wish,7.45,2837.0,1174,12649,6847,finished,26,2837,6.74,5321,Fantasy
743,Cipher,7.45,2843.0,6108,2339,545,finished,65,2843,5.15,2535,Romance
744,Yawara!,7.45,2845.0,3233,4768,788,finished,331,2845,7.63,6437,Sports
745,Captain Tsubasa: Road to 2002,7.45,2848.0,7032,1965,1093,finished,145,2848,7.45,19746,Sports
746,Fate/kaleid liner Prisma☆Illya 2wei!,7.45,2870.0,1934,7768,3919,finished,31,2870,7.47,56859,Action
748,Guin Saga,7.11,6110.0,9546,1315,420,finished,0,6111,7.29,26176,Action
749,Tsubasa to Hotaru,7.45,2878.0,1224,12220,3391,finished,55,2878,7.09,6651,Romance
751,Kokoro ga Sakebitagatterunda.,7.44,2887.0,6724,2086,293,finished,28,2887,8.32,59652,Romance
752,Cyborg 009,7.44,2904.0,5344,2725,579,finished,0,2904,6.35,1216,Action
754,Crash!,7.44,2909.0,2221,6887,2393,finished,73,2909,5.7,1015,Comedy
755,Natsuyuki Rendezvous,7.44,2919.0,3948,3841,997,finished,24,2919,7.36,40958,Romance
756,Chocolat no Mahou,7.44,2925.0,7636,1779,657,currently_publishing,0,2925,6.37,3800,Supernatural
757,Romantica Clock,7.44,2929.0,1854,8137,2124,finished,53,2929,5.83,8491,Comedy
758,Fuuka,7.44,2944.0,290,42994,18470,finished,204,2944,,9854,Ecchi
760,Masou Gakuen HxH,6.43,13311.0,5916,2415,439,finished,28,13311,6.42,68025,Action
762,Gamers!,6.89,8729.0,3573,4274,744,finished,34,8729,,1045,Romance
763,"Yondemasu yo, Azazel-san.",7.43,2965.0,5796,2474,523,finished,162,2965,7.7,18400,Action
765,D.N.Angel,7.43,2988.0,480,27305,12814,finished,108,2988,7.35,126914,Fantasy
766,Omamori Himari,7.43,2996.0,725,19148,7811,finished,75,2996,7.19,119572,Action
768,Tetsuwan Birdy,7.43,3001.0,4986,2972,642,finished,218,3001,7.22,13855,Action
769,Tetsuwan Birdy,6.72,10670.0,9166,1390,271,finished,10,10670,7.22,13855,Action
770,Coppelion,7.43,3007.0,1904,7915,1867,finished,226,3007,6.56,76291,Action
771,Cuticle Tantei Inaba,7.43,3009.0,6024,2370,439,finished,127,3009,7.45,50019,Action
772,Yuuki Yuuna wa Yuusha de Aru,7.42,3056.0,5602,2587,554,finished,30,3056,7.52,59192,Fantasy
773,Captain Tsubasa,7.42,3079.0,2884,5400,2571,finished,114,3079,7.35,36623,Action
774,Hanamaru Youchien,7.42,3088.0,4836,3070,896,finished,102,3088,7.45,40243,Comedy
775,Samurai Champloo,7.41,3100.0,1214,12303,5703,finished,10,3100,8.5,390076,Action
777,Tales of the Abyss,7.41,3105.0,5525,2627,728,finished,53,3105,7.47,74901,Action
778,Kiss x Sis,7.41,3106.0,339,38893,15887,finished,156,3106,7.33,125614,Comedy
779,Hidamari no Ki,7.41,3120.0,13603,777,147,finished,62,3120,6.27,608,Action
781,Denpa Onna to Seishun Otoko,7.19,5225.0,5585,2593,525,finished,31,5225,7.33,149497,Comedy
782,Himouto! Umaru-chan,7.4,3185.0,808,17356,5462,finished,229,3185,7.55,158041,Comedy
783,Shuffle!,7.4,3214.0,6366,2230,548,finished,36,3214,7.31,158772,Comedy
784,Over Drive,7.4,3216.0,4100,3694,1073,finished,150,3216,7.78,28007,Sports
785,Kannagi,7.4,3217.0,1851,8163,2409,finished,84,3217,7.43,94202,Action
786,Outlanders,7.4,3223.0,7658,1771,617,finished,33,3223,6.2,2655,Action
787,Mind Game,7.4,3246.0,10104,1219,140,finished,15,3246,7.88,32756,Adventure
788,Mind Game,6.43,13297.0,17057,520,211,finished,10,13297,7.88,32756,Drama
789,Little Witch Academia,7.4,3256.0,3090,5018,1818,finished,17,3256,8.0,111703,Adventure
790,Sakura Quest,7.39,3275.0,5135,2861,660,finished,0,3275,,1295,Comedy
791,Ou Dorobou Jing,7.39,3281.0,3810,3985,1615,finished,39,3281,7.34,21920,Action
792,Mimi wo Sumaseba,7.39,3293.0,6815,2047,832,finished,4,3293,8.32,94435,Romance
793,Akazukin Chacha,7.39,3296.0,12372,904,264,finished,94,3296,7.48,7581,Adventure
794,Survival,7.39,3312.0,6861,2027,682,finished,119,3312,6.42,2153,Drama
795,Tari Tari,7.39,3324.0,7778,1741,516,finished,7,3324,7.44,80960,Romance
797,Joukamachi no Dandelion,7.39,3356.0,3965,3827,719,currently_publishing,0,3356,7.32,64307,Action
798,Psycho-Pass 2,7.39,3357.0,5169,2839,583,finished,27,3357,7.6,228435,Drama
799,Witch Craft Works,7.38,3370.0,690,19931,5174,currently_publishing,0,3370,7.22,106381,Action
801,Kamisama no Inai Nichiyoubi,7.16,5576.0,4359,3446,1017,finished,28,5576,7.53,122031,Fantasy
802,Katte ni Kaizou,7.38,3401.0,5131,2863,580,finished,289,3401,7.06,19904,Action
803,Arata Kangatari,7.38,3420.0,1895,7948,2476,currently_publishing,0,3420,6.68,38819,Action
804,Kanojo to Kanojo no Neko,7.37,3455.0,1708,8803,4002,finished,4,3455,7.52,53463,Romance
806,Hitsugi no Chaika,7.19,5228.0,2425,6342,1825,finished,33,5228,7.47,164510,Action
807,Tactics,7.37,3491.0,4903,3025,932,finished,0,3491,7.34,27358,Action
808,Zombie-Loan,7.37,3492.0,831,16972,6694,finished,83,3492,7.06,93637,Action
809,MÄR,7.37,3493.0,986,14422,8111,finished,161,3493,7.42,28968,Action
810,Tenshi na Konamaiki,7.37,3496.0,4250,3549,1255,finished,199,3496,7.6,15077,Romance
812,Dragon Half,7.37,3505.0,4308,3495,1382,finished,66,3505,7.05,11596,Ecchi
813,Akage no Anne,7.37,3514.0,9492,1325,488,finished,18,3514,7.6,9460,Drama
814,Lupin III,7.36,3528.0,3992,3790,901,finished,109,3528,7.76,34373,Action
815,Shoujo Kakumei Utena: Adolescence Mokushiroku,7.36,3532.0,5315,2742,1368,finished,2,3532,7.59,22219,Drama
816,Chuuka Ichiban!,7.36,3533.0,10139,1213,466,finished,36,3533,7.69,8586,Comedy
817,Digimon Xros Wars,7.36,3583.0,9019,1422,579,finished,22,3582,7.04,22723,Action
818,Bamboo Blade,7.35,3637.0,2007,7569,3091,finished,107,3637,7.45,61649,Sports
819,Red Garden,7.35,3650.0,5260,2779,933,finished,30,3650,7.22,27169,Drama
821,Freezing,7.35,3654.0,345,38531,16159,currently_publishing,0,3654,7.2,159273,Action
823,F,7.35,3661.0,13366,799,180,finished,329,3661,6.93,816,Sports
824,All Out!!,7.35,3671.0,4142,3657,895,finished,123,3671,7.16,35461,Sports
825,Kaitou Saint Tail,7.34,3695.0,6844,2036,834,finished,33,3695,7.64,8794,Adventure
827,Shiritsu Araiso Koutougakkou Seitokai Shikkoubu,7.34,3698.0,12450,895,366,finished,12,3698,6.62,4085,Action
828,Matantei Loki Ragnarok,7.34,3713.0,6521,2171,758,finished,26,3713,7.42,25098,Comedy
829,OZ,7.34,3737.0,7857,1713,428,finished,28,3737,5.71,720,Action
833,Hagure Yuusha no Aesthetica,6.89,8850.0,4827,3078,551,finished,18,8850,7.25,156044,Action
834,Yowamushi Pedal: Spare Bike,7.34,3768.0,13248,811,139,currently_publishing,0,3768,7.45,4009,Sports
836,K: Missing Kings,7.34,3777.0,9767,1275,235,finished,5,3777,7.94,98549,Action
837,Tetsuwan Atom,7.33,3802.0,2395,6433,1673,finished,85,3802,7.28,5332,Adventure
838,Shoujo Kakumei Utena,7.33,3803.0,1459,10324,4459,finished,25,3803,8.22,77464,Fantasy
840,Good Morning Call,7.33,3806.0,1464,10279,4650,finished,57,3806,6.26,3970,Romance
841,Kenkou Zenrakei Suieibu Umishou,7.33,3809.0,3194,4844,2019,finished,130,3809,7.26,25814,Comedy
842,Houkago no Ouji-sama,7.33,3834.0,11028,1072,298,currently_publishing,0,3834,7.13,1199,Sports
843,Joshiraku,7.33,3842.0,4467,3349,682,finished,53,3842,7.55,51084,Comedy
845,Inou-Battle wa Nichijou-kei no Naka de,7.18,5331.0,6744,2076,220,finished,20,5331,7.34,144370,Comedy
847,Momokuri,7.32,3882.0,4147,3653,942,finished,118,3882,7.25,26147,Romance
849,IS: Infinite Stratos,7.03,7117.0,6868,2026,386,finished,41,7117,7.12,254543,Ecchi
850,IS: Infinite Stratos,6.92,8466.0,2460,6247,2419,finished,26,8466,7.12,254543,Action
852,C³,7.04,7058.0,8588,1526,337,finished,22,7058,6.88,100425,Action
853,Gokukoku no Brynhildr,7.32,3906.0,427,31231,12641,finished,181,3906,7.09,159899,Drama
855,Seiken Tsukai no World Break,7.02,7314.0,8057,1657,260,finished,21,7314,7.16,97401,Action
856,Peach Girl,7.32,3918.0,1134,12925,6318,finished,72,3918,7.16,49508,Romance
857,Kashimashi: Girl Meets Girl,7.32,3921.0,1962,7686,3495,finished,35,3921,6.81,32198,Romance
858,Miyuki,7.32,3923.0,6307,2251,1042,finished,95,3923,6.93,1423,Comedy
860,Scrapped Princess,6.51,12702.0,9652,1296,501,finished,16,12702,7.52,54575,Adventure
861,Chibi☆Devi!,7.32,3939.0,9491,1326,434,finished,80,3939,6.86,8186,Fantasy
862,Mamotte! Lollipop,7.31,3954.0,2746,5651,2779,finished,32,3954,6.99,11747,Comedy
863,Dororo,7.31,3959.0,1191,12478,5054,finished,19,3959,6.24,278,Action
864,Nora,7.31,3975.0,6009,2378,989,finished,34,3975,5.49,486,Action
865,Oishinbo,7.31,3976.0,8797,1475,332,on_hiatus,1039,3976,6.24,552,Drama
866,Ore wa Teppei,7.31,3979.0,19571,394,126,finished,0,3979,6.77,532,Drama
868,Seiken no Blacksmith,7.24,4708.0,1592,9404,3175,finished,62,4708,6.95,81738,Action
869,Keijo!!!!!!!!,7.31,4009.0,1307,11522,3270,finished,178,4009,7.22,83438,Action
871,Eve no Jikan,7.31,4027.0,6887,2019,225,finished,29,4027,8.26,99074,Drama
872,Renai Boukun,7.31,4039.0,605,22263,7114,finished,61,4039,,4558,Romance
873,Hal,7.31,4041.0,2574,5974,3148,finished,5,4041,7.74,50812,Romance
874,Hal,6.96,7999.0,7366,1858,804,finished,4,7999,7.74,50812,Romance
875,Maji de Watashi ni Koi Shinasai!,7.3,4045.0,2037,7491,2720,finished,33,4045,7.02,116683,Action
876,Ookami-san to Shichinin no Nakama-tachi,7.3,4046.0,5686,2536,527,finished,30,4046,7.38,145982,Romance
877,Terra Formars,7.3,4056.0,301,42100,13250,currently_publishing,0,4056,7.14,95964,Action
879,Fate/kaleid liner Prisma☆Illya,7.14,5742.0,1604,9348,4534,finished,14,5742,7.28,100392,Action
880,Fudanshi Koukou Seikatsu,7.3,4065.0,4101,3693,916,finished,51,4065,6.63,26360,Comedy
881,Gon,7.3,4082.0,1369,11091,4411,finished,24,4082,6.25,917,Action
882,Kaguya-hime,7.3,4083.0,9305,1363,302,finished,120,4083,7.22,470,Adventure
883,Inukami!,7.3,4084.0,5146,2856,997,finished,30,4084,7.4,47882,Action
884,Nogizaka Haruka no Himitsu,7.3,4098.0,5338,2730,793,finished,29,4098,7.35,80820,Ecchi
886,Phantom: Requiem for the Phantom,7.3,4113.0,7466,1826,330,finished,14,4113,8.16,159105,Action
888,Centaur no Nayami,7.29,4175.0,2232,6852,1724,currently_publishing,0,4175,,108,Fantasy
889,Kuzu no Honkai,7.29,4177.0,287,43605,17135,finished,60,4177,,20941,Romance
890,Tenjou Tenge,7.29,4192.0,513,25818,11250,finished,136,4192,7.1,103449,Action
891,Sono Mukou no Mukougawa,7.29,4193.0,11296,1033,430,finished,38,4193,5.62,267,Adventure
892,Futari Ecchi,7.29,4194.0,1059,13700,4530,currently_publishing,0,4194,6.55,19907,Comedy
893,Rockman.EXE,7.29,4199.0,6328,2243,1165,finished,74,4199,7.06,19212,Action
894,Tenchi Muyou! Ryououki,7.29,4200.0,4746,3138,1252,finished,80,4200,7.77,25902,Fantasy
895,Lodoss-tou Senki: Eiyuu Kishi Den,7.29,4205.0,8216,1616,758,finished,38,4205,7.25,16288,Action
896,Romeo x Juliet,7.29,4206.0,2920,5339,2446,finished,9,4206,7.85,91530,Fantasy
897,Sora no Manimani,7.29,4226.0,8914,1448,299,finished,68,4226,7.18,28652,Romance
898,Sabu to Ichi Torimono Hikae,7.29,4227.0,11987,947,153,finished,83,4227,7.1,494,Action
899,Doujin Work,7.28,4243.0,3809,3986,1641,finished,76,4243,6.9,20504,Comedy
900,Brave 10,7.28,4266.0,2765,5606,1866,finished,47,4266,6.97,82205,Action
902,Baymax,7.28,4316.0,8152,1630,577,finished,9,4316,6.23,651,Comedy
903,Hanasaku Iroha,7.28,4325.0,5552,2610,585,finished,24,4325,8.03,150393,Comedy
905,Seikoku no Dragonar,7.1,6289.0,1844,8188,2456,finished,66,6289,6.75,83068,Ecchi
907,Hanayamata,7.27,4361.0,5679,2538,576,finished,77,4361,7.42,55536,Comedy
908,Toaru Majutsu no Index: Endymion no Kiseki,7.27,4366.0,8754,1486,446,finished,9,4366,7.71,54873,Action
910,Absolute Duo,6.9,8691.0,2033,7498,2113,finished,24,8691,6.78,168811,Action
911,Koutetsujou no Kabaneri,7.27,4370.0,5357,2720,246,finished,28,4370,7.39,253027,Action
912,Busou Renkin,7.27,4377.0,907,15671,7549,finished,83,4377,7.51,104607,Action
914,MM!,7.24,4636.0,5992,2382,583,finished,40,4636,7.36,129672,Ecchi
915,Canaan,7.27,4411.0,7457,1829,316,finished,24,4411,7.4,123217,Action
917,Eromanga-sensei,7.0,7543.0,1133,12930,3963,finished,79,7543,,8449,Comedy
919,Koro-sensei Q!,7.26,4461.0,6185,2302,630,finished,33,4461,7.14,13657,Comedy
921,Ozmafia!!,7.26,4491.0,7872,1709,316,finished,0,4491,5.46,10290,Fantasy
922,Naisho no Tsubomi,7.26,4504.0,12776,860,268,finished,98,4504,6.72,5135,Romance
923,Mokke,7.26,4519.0,12710,866,176,finished,50,4519,7.19,8362,Comedy
924,Shina Dark: Kuroki Tsuki no Ou to Souheki no Tsuki no Himegimi,7.25,4561.0,1903,7915,3927,finished,20,4561,6.23,3730,Ecchi
925,Ike! Ina-chuu Takkyuubu,7.25,4564.0,13213,815,189,finished,159,4564,7.7,7988,Ecchi
926,Happy Happy Clover,7.25,4568.0,11166,1053,523,finished,60,4568,6.67,623,Fantasy
927,Souten Kouro,7.25,4573.0,11190,1050,176,finished,409,4573,7.41,9852,Action
928,Anne Happy♪,7.25,4609.0,7595,1792,307,finished,71,4609,7.17,32040,Comedy
929,Miyori no Mori,7.25,4617.0,10763,1115,266,finished,23,4617,7.07,6273,Adventure
931,Wolf Guy,7.25,4622.0,11972,949,262,finished,0,4622,6.43,412,Action
932,Dragon Ball Super,7.24,4653.0,260,46273,23311,currently_publishing,0,4653,7.4,111443,Action
933,Onegai☆Teacher,7.24,4671.0,2285,6726,3524,finished,15,4671,7.35,99558,Romance
935,Potemayo,7.24,4685.0,17561,492,132,finished,76,4685,7.41,11411,Romance
936,Ichigeki Sacchuu!! Hoihoi-san,7.24,4693.0,12102,933,359,finished,6,4693,6.2,5404,Comedy
937,Dan Doh!!,7.24,4695.0,18602,438,139,finished,0,4695,6.82,2351,Action
939,Hundred,6.6,11934.0,3177,4874,2189,finished,12,11934,6.53,92396,Action
940,Danna ga Nani wo Itteiru ka Wakaranai Ken,7.24,4725.0,2905,5377,840,finished,52,4725,7.55,122271,Romance
941,Hakuouki,7.23,4781.0,9906,1249,163,finished,23,4781,7.57,90612,Action
943,Yuusha ni Narenakatta Ore wa Shibushibu Shuushoku wo Ketsui Shimashita.,7.01,7454.0,6123,2329,455,finished,16,7454,7.07,115338,Fantasy
944,Space☆Dandy,7.23,4802.0,7916,1697,367,finished,16,4802,7.86,123529,Comedy
946,Earthian,7.23,4814.0,7245,1897,677,finished,30,4814,6.27,5394,Romance
947,Mai-Otome,7.23,4815.0,4375,3432,1606,finished,44,4815,7.4,36924,Ecchi
948,Usagi Drop,7.23,4824.0,307,41564,20914,finished,62,4824,8.56,194855,Comedy
949,Shounen Maid,7.23,4847.0,5715,2521,705,finished,62,4847,7.43,30363,Comedy
950,Slayers Special,7.22,4850.0,11202,1048,428,finished,28,4850,7.47,12820,Action
952,Ribbon no Kishi,7.22,4858.0,5965,2394,903,finished,16,4858,6.81,1654,Action
954,Seirei no Moribito,7.22,4867.0,7577,1797,415,finished,16,4867,8.24,106888,Adventure
955,Dragon Quest Retsuden: Roto no Monshou,7.22,4868.0,11189,1050,412,finished,86,4868,6.27,590,Adventure
956,Maria†Holic,7.22,4870.0,2128,7229,2003,finished,0,4870,7.18,104663,Comedy
957,Kimi ga Aruji de Shitsuji ga Ore de,7.22,4872.0,9205,1382,238,finished,18,4872,7.35,66236,Comedy
958,Udon no Kuni no Kiniro Kemari,7.22,4925.0,8080,1649,191,finished,72,4925,7.66,33885,Fantasy
959,Kill Me Baby,7.22,4926.0,3114,4981,1487,currently_publishing,0,4926,6.95,54288,Comedy
961,Young Black Jack,7.22,4938.0,8186,1623,249,finished,142,4938,7.32,42139,Drama
963,Itsuka Tenma no Kuro Usagi,7.07,6592.0,4417,3388,966,finished,32,6593,6.83,73555,Romance
964,Hyper Police,7.21,4972.0,11798,971,325,finished,97,4972,7.06,4973,Action
965,Bastard!!: Ankoku no Hakaishin,7.21,4975.0,1533,9743,2626,on_hiatus,144,4975,6.92,20619,Action
966,Sakigake!! Otokojuku,7.21,4993.0,5007,2960,709,finished,314,4993,7.51,4740,Action
967,Getter Robo,7.2,5072.0,3188,4847,2150,finished,17,5072,7.07,2938,Action
968,Pygmalio,7.2,5086.0,13640,773,153,finished,164,5086,6.93,533,Adventure
969,Honoo no Tenkousei,7.2,5106.0,7962,1685,394,finished,118,5106,6.77,2688,Action
971,Poyopoyo Kansatsu Nikki,7.2,5121.0,12998,837,201,finished,0,5121,7.79,13832,Comedy
972,Tsukiyomi,7.19,5161.0,5059,2911,798,finished,109,5162,4.73,86,Ecchi
973,Sumomomo Momomo: Chijou Saikyou no Yome,7.19,5170.0,2065,7409,2717,finished,96,5171,7.08,31385,Ecchi
974,Bus Gamer,7.19,5178.0,6651,2115,516,finished,0,5179,6.66,20550,Action
975,Neko Ramen,7.19,5182.0,14171,723,270,finished,95,5183,6.55,2059,Comedy
976,Holiday,7.19,5187.0,7450,1831,1021,finished,3,5188,6.56,37,Drama
977,Dansai Bunri no Crime Edge,7.19,5195.0,3097,5003,1267,finished,67,5196,6.87,60465,Action
978,Ro-Kyu-Bu!,7.18,5243.0,11607,994,269,finished,82,5243,7.05,46940,Sports
980,RDG: Red Data Girl,7.18,5255.0,11073,1066,164,finished,23,5255,6.69,67100,Fantasy
984,Kanokon,7.07,6564.0,1494,10046,4240,finished,47,6565,6.74,122288,Ecchi
987,Komori-san wa Kotowarenai!,7.18,5334.0,3432,4458,895,currently_publishing,0,5334,6.31,24377,Comedy
988,Venus Versus Virus,7.17,5375.0,3440,4441,1666,finished,37,5375,6.55,20883,Action
989,Sola,7.17,5376.0,6419,2205,866,finished,15,5376,7.37,71172,Fantasy
990,Pugyuru,7.17,5377.0,14222,719,223,finished,19,5377,5.92,2513,Comedy
991,Hiatari Ryoukou!,7.17,5378.0,10478,1158,535,finished,26,5378,7.2,1527,Sports
992,Deltora Quest,7.17,5395.0,14013,737,226,finished,47,5395,7.11,10591,Action
993,Queen Emeraldas,7.17,5425.0,9527,1318,419,finished,21,5425,7.05,3279,Action
994,Ano Natsu de Matteru,7.17,5428.0,5058,2912,959,finished,11,5428,7.7,169718,Comedy
996,Inugami-san to Nekoyama-san,7.17,5435.0,3559,4288,984,finished,76,5435,6.72,35872,Comedy
998,Juuou Mujin no Fafnir,6.55,12376.0,4974,2984,733,finished,21,12376,6.44,59544,Fantasy
999,Busou Shoujo Machiavellianism,7.17,5447.0,1368,11094,2440,currently_publishing,0,5447,,1896,Action
1002,Cowboy Bebop,7.16,5471.0,1000,14312,6444,finished,11,5471,8.82,486824,Action
1003,Galaxy Angel,7.16,5475.0,8348,1585,692,finished,34,5475,7.14,17601,Action
1004,Slayers Premium,7.16,5476.0,13614,775,320,finished,5,5476,7.32,13008,Action
1005,Golden Boy,7.16,5479.0,892,15833,5282,finished,104,5479,8.05,113040,Ecchi
1006,Kyou no 5 no 2,7.16,5480.0,4504,3320,1606,finished,23,5480,7.33,22431,Ecchi
1009,Asu no Yoichi!,7.16,5492.0,959,14876,6680,finished,65,5492,7.02,110748,Action
1012,Slayers Evolution-R,7.16,5514.0,13215,815,317,finished,5,5514,7.52,20508,Action
1013,Kyoukai no Rinne,7.16,5516.0,1775,8535,2706,finished,398,5516,6.16,2983,Romance
1014,Triage X,7.16,5518.0,1424,10645,2566,currently_publishing,0,5518,6.44,59632,Action
1015,Hidan no Aria AA,7.15,5605.0,7756,1747,357,finished,109,5605,6.4,39538,Action
1016,Teizokurei Daydream,7.15,5630.0,5671,2546,766,finished,22,5630,6.4,5305,Ecchi
1017,Natsu no Arashi!,7.15,5637.0,7001,1976,400,finished,50,5637,7.4,30098,Comedy
1018,H2O: Footprints in the Sand,7.15,5639.0,11813,970,181,finished,13,5639,7.26,64975,Drama
1019,Dash! Kappei,7.15,5656.0,21019,340,139,finished,157,5656,7.3,2578,Sports
1021,DearS,7.14,5724.0,1467,10266,5248,finished,47,5724,6.8,91037,Ecchi
1022,Chocotto Sister,7.14,5725.0,4432,3373,1514,finished,71,5725,6.91,14380,Comedy
1025,Spriggan,7.14,5734.0,7137,1929,288,finished,59,5734,6.81,13256,Action
1026,Mama wa Shougaku 4 Nensei,7.14,5741.0,19839,383,178,finished,12,5741,7.31,1711,Comedy
1029,Ichiban Ushiro no Daimaou,7.05,6872.0,1514,9926,4041,finished,50,6871,7.21,203618,Action
1030,K: Return of Kings,7.14,5824.0,11249,1040,183,finished,17,5824,7.82,114904,Action
1032,Toki wo Kakeru Shoujo,7.13,5860.0,4927,3010,850,finished,8,5860,8.44,289206,Fantasy
1033,Hoshi wo Ou Kodomo,7.13,5924.0,11427,1018,158,finished,14,5924,7.81,76286,Adventure
1034,Gingitsune,7.12,5948.0,9802,1270,150,currently_publishing,0,5948,7.23,33429,Supernatural
1035,Oruchuban Ebichu,7.12,5990.0,15151,644,128,finished,0,5990,7.52,21109,Comedy
1036,Muv-Luv Alternative: Total Eclipse,7.12,6010.0,10222,1200,170,finished,22,6010,7.21,55531,Action
1038,Netoge no Yome wa Onnanoko ja Nai to Omotta?,6.94,8242.0,2120,7248,1787,finished,46,8243,7.17,137102,Ecchi
1039,Mitsu x Mitsu Drops,7.11,6067.0,949,15002,7690,finished,47,6068,6.15,16436,Romance
1040,Kamen no Maid Guy,7.11,6076.0,11174,1052,254,finished,79,6077,7.14,27761,Action
1041,Nine,7.11,6078.0,10237,1198,583,finished,29,6079,6.71,228,Sports
1043,Wagaya no Oinari-sama.,7.11,6099.0,10805,1109,203,finished,67,6100,7.31,23132,Fantasy
1044,Asobi ni Iku yo!,7.11,6107.0,5908,2420,451,finished,57,6108,6.87,95005,Action
1045,Kimera,7.11,6126.0,15386,626,158,finished,0,6127,5.29,3374,Action
1047,Grancrest Senki,6.96,8043.0,3278,4700,1330,finished,48,8043,,360,Action
1048,Danganronpa: Kibou no Gakuen to Zetsubou no Koukousei The Animation,7.11,6156.0,1915,7852,2742,finished,17,6157,7.49,298550,Action
1050,Mad★Bull 34,7.1,6215.0,10305,1186,239,finished,0,6216,6.34,3216,Action
1051,Kanon,7.1,6221.0,12199,923,304,finished,23,6222,7.27,41960,Drama
1052,Kanon,7.07,6556.0,5953,2398,936,finished,6,6557,7.27,41960,Romance
1053,Kanon,6.9,8638.0,11150,1055,494,finished,4,8638,7.27,41960,Drama
1054,Aishite Knight,7.1,6224.0,14237,718,253,finished,29,6225,6.75,3746,Romance
1055,Kamisama Dolls,7.1,6228.0,4747,3137,865,finished,72,6229,7.14,47665,Action
1056,Bakegyamon,7.1,6236.0,17112,517,206,finished,51,6237,6.84,1466,Action
1057,Kyouran Kazoku Nikki,7.1,6241.0,17058,520,115,finished,25,6242,7.36,20883,Fantasy
1058,Kyou no Asuka Show,7.1,6243.0,2102,7301,2730,finished,48,6244,6.84,15032,Ecchi
1059,Kaichuu!,7.09,6309.0,7567,1799,380,finished,0,6309,5.98,6941,Comedy
1060,Morita-san wa Mukuchi,7.09,6313.0,12255,916,177,currently_publishing,0,6313,6.69,6636,Comedy
1061,Nozo x Kimi,7.09,6317.0,795,17630,6008,finished,63,6317,6.63,13526,Ecchi
1062,Erementar Gerad: Aozora no Senki,7.09,6331.0,7975,1681,508,currently_publishing,0,6331,5.96,759,Action
1063,Makai Senki Disgaea,7.09,6333.0,5573,2600,1202,finished,9,6333,6.9,30146,Adventure
1064,RideBack,7.09,6353.0,11814,970,148,finished,62,6353,7.38,32835,Action
1065,Shitsurakuen,7.09,6363.0,1431,10594,4343,finished,25,6363,5.55,762,Action
1066,Sukeban Deka,7.09,6365.0,11167,1053,112,finished,132,6365,6.58,1663,Action
1069,Kurozuka,7.08,6442.0,2450,6264,2052,finished,40,6442,7.08,52145,Supernatural
1070,Utawarerumono,7.08,6444.0,10090,1221,226,finished,14,6444,7.78,91034,Action
1072,Mahoutsukai ni Taisetsu na Koto: Natsu no Sora,7.08,6460.0,13200,817,114,finished,10,6461,7.4,14911,Fantasy
1073,Upotte!!,7.08,6479.0,4950,2995,748,currently_publishing,0,6480,6.63,43759,Action
1074,Okusama ga Seitokaichou!,7.08,6508.0,766,18184,6010,finished,70,6510,6.88,91241,Ecchi
1075,Dr. Rin ni Kiitemite!,7.07,6570.0,15885,594,204,finished,48,6571,6.95,1904,Supernatural
1078,Kämpfer,6.89,8780.0,1415,10701,3937,finished,56,8780,6.73,146631,Action
1079,Namiuchigiwa no Muromi-san,7.07,6635.0,11250,1040,194,finished,242,6636,7.06,25564,Supernatural
1080,Kotoura-san,7.07,6650.0,5093,2885,481,finished,0,6650,7.36,123691,Romance
1081,Suisei no Gargantia,7.07,6657.0,5969,2393,667,finished,13,6657,7.64,170754,Action
1082,Himegoto,7.06,6687.0,2264,6778,2009,finished,60,6687,6.03,42129,Comedy
1083,Eureka Seven AO,7.06,6688.0,7242,1898,515,finished,20,6688,6.88,56453,Action
1084,Kyousou Giga,7.06,6693.0,8697,1500,213,finished,13,6693,6.98,31096,Action
1085,Yama no Susume,7.06,6701.0,9450,1335,140,currently_publishing,0,6701,6.83,27487,Adventure
1086,.hack//Tasogare no Udewa Densetsu,7.06,6707.0,922,15362,9510,finished,24,6707,6.75,47679,Adventure
1087,Bakuretsu Hunters,7.06,6708.0,8619,1519,568,finished,72,6708,6.86,10667,Ecchi
1088,The Big O,7.06,6711.0,9649,1297,381,finished,21,6711,7.57,45843,Action
1089,Mahoutsukai ni Taisetsu na Koto,7.06,6713.0,5128,2865,1263,finished,9,6713,6.87,15152,Fantasy
1090,Koko wa Green Wood,7.06,6715.0,9362,1354,376,finished,71,6715,6.97,4176,Comedy
1091,Dear Boys,7.06,6718.0,10522,1151,306,finished,92,6718,6.99,12662,Sports
1092,Air,7.06,6722.0,2925,5327,2517,finished,18,6722,7.48,188861,Drama
1094,Mitsume ga Tooru,7.06,6749.0,18816,429,119,finished,77,6749,6.94,383,Supernatural
1095,Jumping,7.06,6767.0,22191,302,121,finished,16,6767,6.69,2341,Sports
1096,Yuri Kuma Arashi,7.06,6780.0,6275,2263,650,finished,27,6780,7.19,48549,Fantasy
1097,Isobe Isobee Monogatari: Ukiyo wa Tsurai yo,7.06,6781.0,14987,658,118,finished,303,6781,5.58,115,Comedy
1098,Darker than Black: Kuro no Keiyakusha,7.05,6833.0,896,15780,6503,finished,10,6832,8.25,440334,Action
1099,Slayers Revolution,7.05,6853.0,11556,999,412,finished,6,6852,7.37,23679,Action
1100,K,7.05,6894.0,15611,612,181,finished,5,6893,7.73,297051,Adventure
1101,Aiura,7.05,6897.0,4627,3223,805,finished,109,6896,6.84,43737,Comedy
1102,Nyanko Days,7.04,6949.0,11089,1064,144,finished,64,6948,,1335,Comedy
1104,Maburaho,6.5,12775.0,5982,2388,1148,finished,14,12775,7.01,61004,Romance
1105,Beautiful Name,7.04,6967.0,8982,1432,872,finished,3,6966,4.99,116,Romance
1106,Elf wo Karu Mono-tachi,7.04,6968.0,10064,1225,282,finished,100,6967,7.16,13581,Action
1107,Kujibiki♥Unbalance,7.04,6980.0,9773,1274,422,finished,14,6979,6.39,9021,Action
1108,Rental Magica,7.04,6992.0,13602,777,157,finished,30,6991,7.18,39806,Action
1109,Aldnoah.Zero,7.04,7039.0,4513,3313,729,finished,12,7039,7.66,244193,Action
1110,Shingeki! Kyojin Chuugakkou,7.04,7068.0,1884,8008,2512,finished,96,7068,7.06,52928,Comedy
1113,"Dakara Boku wa, H ga Dekinai.",6.7,10858.0,1632,9210,3722,finished,31,10858,6.96,169615,Ecchi
1114,Koi to Senkyo to Chocolate,7.03,7106.0,5956,2398,442,finished,38,7106,7.3,91552,Romance
1115,Kanojo ga Flag wo Oraretara,7.03,7111.0,3598,4235,1157,finished,42,7111,6.58,74634,Romance
1116,Seikon no Qwaser,7.03,7132.0,1255,11955,3684,finished,119,7132,6.82,145592,Action
1117,Kono Minikuku mo Utsukushii Sekai,7.03,7136.0,11773,974,244,finished,25,7136,6.92,41756,Ecchi
1119,Mushibugyou,7.03,7157.0,6606,2134,543,finished,15,7157,7.47,40155,Action
1120,Yume Tsukai,7.02,7244.0,10664,1128,267,finished,36,7245,6.57,5719,Fantasy
1121,Junketsu no Maria,7.02,7266.0,6556,2153,520,finished,25,7267,7.29,75460,Fantasy
1122,Nyoro-n Churuya-san,7.02,7275.0,15689,607,206,finished,0,7276,6.68,21340,Comedy
1123,Asura,7.02,7276.0,9213,1380,328,finished,15,7277,7.23,16702,Romance
1124,Inazuma Eleven,7.02,7279.0,6122,2329,1055,finished,43,7280,7.72,42677,Action
1127,Bad Boys,7.02,7290.0,10373,1178,196,finished,169,7291,6.5,584,Action
1128,Kuma Miko,7.02,7310.0,7563,1801,353,currently_publishing,0,7311,6.43,43176,Comedy
1130,Kamisama Kazoku,7.01,7359.0,9954,1242,303,finished,30,7359,7.27,32828,Fantasy
1131,Kirarin☆Revolution,7.01,7360.0,5878,2435,962,finished,0,7360,7.35,14932,Comedy
1132,Choujin Locke,7.01,7369.0,17864,476,130,finished,0,7369,6.65,1250,Action
1133,Speed Grapher,7.01,7370.0,9793,1272,249,finished,17,7370,7.46,64627,Drama
1135,Asari-chan,7.01,7395.0,22257,300,118,finished,1738,7395,6.55,263,Comedy
1136,Gakumon!: Ookami Shoujo wa Kujikenai,7.01,7419.0,14198,721,127,finished,54,7419,6.75,1477,Comedy
1137,Akuma no Riddle,7.01,7459.0,1226,12197,4287,finished,48,7459,6.82,127641,Action
1140,R²: Rise R to the Second Power,7.0,7492.0,17846,477,181,finished,14,7492,5.39,240,Adventure
1141,Getter Robo G,7.0,7507.0,6035,2368,1370,finished,5,7507,6.87,1088,Action
1142,Goshuushou-sama Ninomiya-kun,7.0,7516.0,12637,874,136,finished,20,7516,6.91,63370,Comedy
1143,Mayoi Neko Overrun!,7.0,7521.0,2493,6159,2699,finished,10,7521,6.89,75517,Comedy
1145,Dagashi Kashi,7.0,7545.0,804,17433,4657,finished,186,7545,6.73,145468,Comedy
1146,Hinako Note,7.0,7549.0,8458,1560,289,finished,68,7549,,909,Comedy
1148,"Uchiage Hanabi, Shita kara Miru ka? Yoko kara Miru ka?",6.65,11415.0,6560,2153,588,finished,10,11415,,531,Drama
1149,Dragon Drive,6.99,7590.0,4138,3660,1761,finished,57,7590,6.88,14232,Action
1150,Kage kara Mamoru!,6.99,7606.0,12990,837,175,finished,0,7606,6.73,17136,Action
1151,Kemeko Deluxe!,6.99,7607.0,9078,1408,362,finished,63,7607,6.75,26991,Ecchi
1154,Gekka Bijin,6.99,7647.0,7755,1747,386,finished,21,7647,6.23,1487,Action
1156,Mikagura Gakuen Kumikyoku,6.99,7676.0,9827,1264,202,finished,31,7676,6.82,47642,Action
1157,Hanaukyou Maid-tai,6.98,7718.0,9587,1308,381,finished,94,7718,6.72,19053,Ecchi
1158,Iketeru Futari,6.98,7719.0,8376,1579,382,finished,331,7719,6.78,11933,Ecchi
1159,Angelique,6.98,7731.0,14766,674,126,finished,59,7731,6.53,3523,Fantasy
1160,Gedo Senki,6.98,7739.0,12247,917,311,finished,0,7739,7.18,59243,Adventure
1162,Garden,6.51,12721.0,8154,1630,588,finished,7,12721,6.73,4334,Fantasy
1164,Teekyuu,6.98,7797.0,8716,1497,181,finished,143,7797,6.77,30291,Sports
1165,Isekai no Seikishi Monogatari,6.97,7819.0,9680,1291,218,finished,13,7819,8.09,72021,Action
1166,Cardfight!! Vanguard,6.97,7821.0,11646,989,264,finished,75,7821,7.25,24821,Action
1167,Stop!! Hibari-kun!,6.97,7827.0,4002,3783,1238,finished,53,7827,7.12,1355,Romance
1168,Onegai☆Twins,6.97,7837.0,4996,2969,1488,finished,10,7837,7.05,59164,Romance
1169,Murder Princess,6.97,7838.0,4271,3523,1493,finished,11,7838,7.14,39377,Adventure
1170,Kojin Jugyou,6.97,7858.0,17610,490,187,finished,0,7858,5.63,739,Drama
1171,Dai Mahou Touge,6.97,7878.0,15485,620,108,finished,28,7878,7.09,19555,Fantasy
1172,Unico,6.97,7888.0,12995,837,280,finished,9,7888,7.43,2063,Fantasy
1173,Getsuyoubi no Tawawa,6.96,7946.0,2402,6413,1260,currently_publishing,0,7946,6.56,16663,Ecchi
1174,"Umi no Yami, Tsuki no Kage",6.96,7949.0,16722,540,123,finished,0,7949,6.27,483,Romance
1175,Taiho Shichau zo,6.96,7952.0,7704,1761,468,finished,79,7952,7.51,8557,Action
1176,Venus Senki,6.96,7974.0,13796,758,195,finished,29,7974,6.94,5204,Action
1177,Shounen Onmyouji,6.96,7981.0,15790,601,138,finished,6,7981,7.71,33321,Fantasy
1178,Sengoku Basara,6.96,7986.0,11895,959,190,finished,20,7986,7.57,93940,Action
1179,Last Exile: Ginyoku no Fam,6.96,8001.0,15488,620,134,finished,16,8001,7.14,28616,Action
1180,Okama Hakusho,6.95,8080.0,9992,1236,407,finished,61,8080,5.67,183,Ecchi
1182,Kuusen Madoushi Kouhosei no Kyoukan,6.71,10811.0,7594,1792,301,finished,24,10811,6.57,81870,Action
1184,Koukaku no Pandora,6.95,8146.0,6282,2261,310,currently_publishing,0,8146,6.66,25545,Action
1185,Crying Freeman,6.94,8183.0,2750,5642,1682,finished,103,8184,6.67,4747,Action
1186,Kyoukasho ni Nai!,6.94,8188.0,8692,1500,382,finished,179,8189,5.85,2237,Ecchi
1187,Ooyasan wa Shishunki!,6.94,8236.0,11348,1027,130,currently_publishing,0,8237,6.66,24131,Comedy
1188,Miracle☆Girls,6.93,8281.0,10236,1198,525,finished,39,8282,7.28,2033,Fantasy
1189,Tokyo Mew Mew,6.93,8283.0,576,23504,12875,finished,32,8284,7.04,67936,Fantasy
1190,Mahou no Tenshi Creamy Mami,6.93,8305.0,17441,498,125,finished,0,8306,7.18,5112,Fantasy
1191,Kamigami no Asobi,6.93,8353.0,6752,2071,624,finished,17,8353,7.32,61410,Romance
1192,Koufuku Graffiti,6.93,8355.0,9323,1361,180,finished,75,8355,6.84,46093,Comedy
1193,Alice to Zouroku,6.93,8360.0,8501,1549,146,currently_publishing,0,8360,,515,Supernatural
1194,Yu☆Gi☆Oh! Arc-V,6.92,8370.0,6845,2036,807,finished,45,8370,7.61,17571,Action
1196,Senjutsu Choukoukaku Orion,6.92,8388.0,11120,1059,480,finished,6,8388,5.47,244,Action
1197,Otome wa Boku ni Koishiteru,6.92,8395.0,6363,2231,755,finished,21,8395,7.18,42190,Comedy
1198,Air Master,6.92,8398.0,9365,1353,295,finished,254,8398,7.14,22433,Action
1199,Happiness!,6.92,8403.0,15283,634,121,finished,11,8403,6.56,24393,Comedy
1200,Mouse,6.92,8413.0,7601,1791,581,finished,117,8413,6.17,10979,Action
1201,Otome wa Boku ni Koishiteru: Futari no Elder,6.92,8468.0,9862,1255,334,finished,16,8468,6.96,10579,Comedy
1202,Tiger Mask,6.92,8475.0,12982,838,174,finished,70,8475,7.38,4031,Action
1203,Yumekuri,6.92,8478.0,4805,3093,857,finished,41,8478,5.64,4218,Ecchi
1204,Re-Kan!,6.92,8487.0,13522,784,107,currently_publishing,0,8487,6.83,37544,Supernatural
1205,Slow Step,6.91,8516.0,8839,1466,661,finished,55,8516,6.84,1219,Comedy
1206,Maken-Ki!,6.91,8537.0,886,15909,4993,finished,146,8537,6.69,104182,Action
1208,Dragon Ball: Ossu! Kaettekita Son Gokuu to Nakama-tachi!!,6.91,8559.0,5556,2608,1158,finished,0,8559,7.14,25251,Action
1210,Majimoji Rurumo,6.9,8659.0,7508,1815,277,finished,42,8659,6.94,38952,Fantasy
1212,Bokusatsu Tenshi Dokuro-chan,6.78,10002.0,5920,2414,640,finished,19,10002,6.85,117080,Comedy
1213,Mujaki no Rakuen,6.9,8684.0,1257,11941,4160,finished,93,8684,6.09,12054,Comedy
1214,Ninin ga Shinobuden,6.89,8734.0,11758,975,271,finished,68,8734,7.03,23125,Comedy
1215,Megami Kouhosei,6.89,8735.0,6628,2124,919,finished,27,8735,6.55,14757,Adventure
1216,Onmyou Taisenki,6.89,8742.0,19876,382,113,finished,27,8742,7.28,3945,Action
1217,Jungle Taitei,6.89,8745.0,8127,1639,561,finished,23,8745,6.69,3067,Adventure
1218,Boku wa Imouto ni Koi wo Suru,6.89,8751.0,1872,8057,3362,finished,60,8751,6.57,26923,Comedy
1220,Fractale,6.89,8836.0,9627,1300,280,finished,13,8836,7.06,55100,Action
1221,Osomatsu-kun,6.88,8863.0,13545,782,132,finished,0,8863,6.99,1322,Comedy
1222,Robotics;Notes,6.88,8869.0,8672,1505,215,finished,31,8869,7.43,107304,Adventure
1223,Comic Party,6.88,8875.0,6727,2084,946,finished,49,8875,6.68,12988,Comedy
1224,Sakura Taisen,6.88,8878.0,7420,1842,669,finished,29,8878,7.01,11293,Action
1225,Sequence,6.88,8879.0,15309,632,235,finished,16,8879,5.64,152,Action
1226,Otogizoushi,6.87,8991.0,14396,704,295,finished,10,8990,7.1,10591,Action
1228,Sasuga no Sarutobi,6.85,9259.0,17338,504,176,finished,46,9259,6.73,483,Action
1229,Kill la Kill,6.85,9279.0,1102,13229,5589,finished,17,9279,8.23,508118,Action
1231,Skull Man,6.84,9337.0,12237,919,212,finished,50,9337,6.79,16361,Action
1232,Witchblade,6.84,9345.0,5054,2915,1114,finished,12,9345,7.4,64697,Action
1233,Chicchana Yukitsukai Sugar,6.84,9347.0,10404,1171,499,finished,14,9347,7.19,14955,Fantasy
1234,Onikirimaru,6.84,9353.0,17631,489,107,finished,0,9353,6.46,1174,Action
1235,Umi no Triton,6.84,9370.0,18575,440,135,finished,33,9370,6.59,709,Action
1236,Sansha Sanyou,6.84,9371.0,12657,872,110,finished,233,9371,7.23,28423,Comedy
1237,Kitakubu Katsudou Kiroku,6.84,9381.0,13489,787,106,finished,65,9381,6.81,29790,Comedy
1238,Ikkitousen,6.83,9431.0,2172,7073,2301,finished,187,9431,6.62,88969,Action
1239,Narue no Sekai,6.83,9445.0,7684,1765,562,finished,98,9445,6.7,11544,Romance
1240,Lost Universe,6.83,9457.0,16580,549,210,finished,20,9457,7.1,9293,Action
1241,Dragon Knight,6.83,9461.0,13256,810,369,finished,7,9461,5.72,1540,Adventure
1242,Chocolate Underground,6.83,9498.0,15348,629,219,finished,3,9498,6.28,9351,Adventure
1243,Oneechan ga Kita,6.83,9501.0,6412,2207,411,finished,0,9501,6.54,45457,Comedy
1244,Cyclops Shoujo Saipuu,6.83,9518.0,2573,5975,1617,finished,160,9518,6.02,15329,Comedy
1245,Nobunagun,6.83,9539.0,12616,876,130,finished,41,9539,6.83,43551,Action
1246,Megane na Kanojo,6.82,9544.0,15919,592,142,finished,8,9544,6.78,10119,Comedy
1247,Kakugo no Susume,6.82,9576.0,7721,1757,302,finished,100,9576,4.49,4269,Action
1248,Amon: Devilman Mokushiroku,6.82,9584.0,3607,4226,1479,finished,41,9584,6.68,7706,Action
1249,Amaenaide yo!!,6.82,9591.0,10069,1225,332,finished,42,9591,6.67,48939,Ecchi
1250,"Kumo no Mukou, Yakusoku no Basho",6.82,9595.0,5748,2501,550,finished,8,9595,7.89,103975,Drama
1251,Cross Ange: Tenshi to Ryuu no Rondo,6.82,9628.0,10338,1182,198,finished,12,9628,7.47,75807,Action
1252,Ashita no Nadja,6.81,9679.0,12063,939,326,finished,12,9679,7.68,13742,Adventure
1253,Ninku,6.81,9683.0,17150,515,104,finished,81,9683,7.15,2424,Action
1254,Kantoku Fuyuki Todoki,6.81,9697.0,9947,1244,353,finished,22,9697,5.94,4037,Comedy
1255,Inu to Hasami wa Tsukaiyou,6.81,9715.0,9174,1387,299,finished,21,9715,6.68,69526,Supernatural
1256,Hajimete no Gal,6.81,9739.0,368,36082,12567,currently_publishing,0,9739,,1408,Ecchi
1257,Vampire,6.8,9791.0,15509,619,222,finished,29,9791,6.56,2589,Supernatural
1259,Starry☆Sky,6.8,9833.0,12386,903,117,finished,0,9833,6.31,37155,Romance
1260,Dragon Ball: Episode of Bardock,6.8,9843.0,2719,5704,3472,finished,3,9843,7.4,29030,Action
1261,Swimming,6.79,9869.0,13865,750,437,finished,5,9869,5.45,125,Sports
1262,Isuca,6.79,9917.0,2149,7145,2311,finished,66,9917,6.17,63638,Action
1263,s.CRY.ed,6.78,9995.0,6917,2006,798,finished,45,9995,7.45,52784,Action
1264,Mamotte Shugogetten!,6.78,9998.0,9872,1254,481,finished,71,9998,6.79,4995,Fantasy
1265,Andromeda Stories,6.78,9999.0,17361,502,133,finished,0,9999,6.19,737,Action
1266,Astro Boy: Tetsuwan Atom,6.78,10001.0,7529,1808,759,finished,30,10001,7.02,9331,Action
1268,12-sai.,6.78,10051.0,10868,1101,169,finished,130,10051,6.59,6211,Romance
1270,White Album,6.77,10118.0,7324,1872,664,finished,25,10118,6.74,54376,Romance
1271,Yu☆Gi☆Oh! Zexal,6.76,10194.0,6059,2359,903,finished,56,10194,6.58,22480,Action
1272,009 Re:Cyborg,6.76,10207.0,12124,931,232,finished,35,10207,6.76,8307,Action
1273,Fight Ippatsu! Juuden-chan!!,6.76,10236.0,9224,1377,285,finished,74,10236,6.82,20279,Comedy
1274,Sazae-san,6.76,10240.0,17312,505,122,finished,6477,10240,6.35,1632,Comedy
1276,Tokyo Underground,6.75,10325.0,14223,719,205,finished,84,10325,6.74,17920,Action
1277,Ladies versus Butlers!,6.75,10352.0,8454,1560,293,currently_publishing,0,10352,6.87,94820,Ecchi
1279,Concerto,6.74,10435.0,5986,2386,1263,finished,5,10435,5.48,709,Romance
1280,Akaneiro ni Somaru Saka,6.74,10441.0,5001,2967,1384,finished,11,10441,6.69,91453,Comedy
1281,Mahou Sensou,6.74,10481.0,5156,2848,691,finished,27,10481,6.18,104192,Action
1283,Asatte Dance,6.73,10556.0,5989,2384,741,finished,89,10556,5.77,534,Drama
1285,Hi no Tori,6.72,10720.0,12642,874,270,finished,19,10720,7.29,4247,Fantasy
1286,Menkui!,6.71,10740.0,14199,721,392,finished,14,10740,7.24,4954,Romance
1287,El Hazard: The Magnificent World,6.71,10741.0,11854,964,490,finished,15,10741,7.44,10130,Action
1288,To Heart,6.71,10742.0,12817,855,326,finished,11,10742,6.7,16757,Drama
1289,Koutetsu Tenshi Kurumi,6.71,10748.0,14823,670,198,finished,69,10748,6.92,15653,Ecchi
1290,Shin Megami Tensei Devil Children,6.71,10753.0,19090,416,105,finished,26,10753,6.63,1110,Action
1291,Taboo Tattoo,6.71,10778.0,1509,9955,2676,finished,80,10778,6.11,99460,Action
1292,"Saikin, Imouto no Yousu ga Chotto Okashiinda ga.",6.71,10823.0,2078,7366,1825,finished,58,10823,6.46,74320,Ecchi
1293,Kowarekake no Orgel,6.7,10859.0,11643,990,182,finished,5,10859,7.49,24876,Romance
1294,Kokuhaku,6.7,10863.0,20210,369,160,finished,4,10863,2.67,816,Drama
1295,Riding Bean,6.7,10871.0,15051,652,178,finished,4,10871,7.16,6547,Action
1296,Darkside Blues,6.7,10886.0,18228,457,135,finished,0,10886,6.33,5224,Action
1297,Hen,6.7,10891.0,13726,764,134,finished,140,10891,5.48,2153,Ecchi
1298,Tokkou,6.7,10898.0,4584,3252,1489,finished,11,10898,6.71,30836,Action
1302,Blood-C,6.69,11019.0,2856,5442,1701,finished,17,11019,6.73,118553,Action
1303,Nijiiro☆Prism Girl,6.69,11021.0,18454,446,115,finished,0,11021,6.38,1390,Comedy
1304,Shinsekai yori,6.69,11031.0,1570,9524,3341,finished,27,11031,8.53,288376,Ecchi
1307,Chitose Get You!!,6.67,11200.0,14334,710,167,finished,202,11200,6.39,12886,Romance
1309,Attacker You!,6.67,11213.0,19628,391,168,finished,23,11213,6.66,2733,Romance
1310,Virgin Night,6.67,11221.0,18763,431,135,finished,16,11221,6.55,2171,Ecchi
1311,Asagiri no Miko,6.67,11224.0,15764,602,191,finished,85,11224,6.31,4721,Action
1312,Rikujou Bouei-tai Mao-chan,6.66,11326.0,14075,732,284,finished,32,11326,6.4,2934,Comedy
1314,UFO Robo Grendizer,6.65,11489.0,20687,351,113,finished,20,11489,7.66,4381,Action
1316,Soul Eater NOT!,6.64,11504.0,643,21162,8767,finished,41,11504,6.33,92269,Action
1317,Vandread,6.64,11523.0,7624,1783,797,finished,14,11523,7.33,53360,Action
1318,Mazinger Z,6.64,11539.0,4340,3466,1497,finished,33,11539,7.49,5746,Action
1319,Demashita! Powerpuff Girls Z,6.64,11540.0,11709,982,351,finished,13,11540,6.52,13624,Action
1320,Uchuu Senkan Yamato,6.63,11648.0,13310,804,231,finished,18,11648,7.73,10688,Action
1321,Kagaku na Yatsura,6.63,11651.0,4988,2972,570,finished,36,11651,5.88,10812,Ecchi
1322,Tokiwa Kitareri!!,6.63,11672.0,6284,2260,545,finished,123,11672,5.83,176,Action
1323,Brigadoon: Marin to Melan,6.62,11696.0,18461,445,196,finished,10,11696,7.44,5636,Action
1324,Medarot,6.62,11699.0,17305,505,160,finished,0,11699,7.13,30148,Action
1325,Ojamajo Doremi,6.62,11708.0,16373,562,191,finished,21,11708,7.19,19222,Comedy
1326,Oniichan no Koto nanka Zenzen Suki ja Nai n da kara ne!!,6.62,11725.0,2262,6785,2368,finished,85,11725,6.34,51637,Ecchi
1327,Muramasa,6.62,11726.0,13028,835,206,finished,44,11726,6.39,2535,Action
1328,Dog Days,6.62,11774.0,10259,1195,398,finished,5,11774,7.21,97809,Action
1329,Ane Log: Moyako Neesan no Tomaranai Monologue,6.61,11807.0,2639,5860,1456,finished,300,11807,6.35,9588,Comedy
1330,Mach GoGoGo,6.61,11818.0,12471,893,334,finished,10,11818,6.75,6253,Action
1331,Youkai Watch,6.61,11841.0,10884,1097,416,currently_publishing,0,11841,6.95,8147,Action
1332,Asatte no Houkou.,6.6,11874.0,11519,1004,389,finished,29,11874,7.16,16909,Fantasy
1333,Dragonaut: The Resonance,6.6,11879.0,7620,1784,850,finished,6,11879,6.81,45265,Action
1334,Oedo wa Nemurenai!,6.6,11885.0,20256,367,127,finished,32,11885,6.22,173,Comedy
1335,Samurai 7,6.6,11896.0,10015,1233,431,finished,7,11896,7.6,74991,Fantasy
1336,Inazuma Eleven Go,6.6,11921.0,13283,807,297,finished,35,11921,7.32,18480,Action
1338,Sakura Tsuushin,6.59,11981.0,7405,1847,501,finished,223,11981,6.33,7342,Ecchi
1339,Choujuu Densetsu Gestalt,6.59,11983.0,12099,934,253,finished,51,11983,6.26,2601,Action
1340,Manyuu Hikenchou,6.59,11991.0,7474,1824,284,finished,46,11991,6.34,32171,Action
1342,Abenobashi Mahou☆Shoutengai,6.58,12092.0,7396,1848,795,finished,12,12092,7.38,47752,Adventure
1344,Boku no Marie,6.58,12108.0,14882,666,161,finished,111,12108,6.44,2186,Comedy
1345,Heroman,6.58,12113.0,11664,987,271,finished,27,12113,6.93,23405,Action
1346,Hantsu x Trash,6.57,12206.0,1169,12662,3793,finished,199,12206,5.29,6850,Comedy
1347,Gyakusatsu Kikan,6.57,12218.0,10731,1119,173,finished,28,12218,,12529,Action
1348,Gun Frontier,6.56,12266.0,15462,622,113,finished,34,12266,6.75,4732,Action
1350,DRAMAtical Murder,6.56,12315.0,5763,2494,216,currently_publishing,0,12315,6.32,80121,Action
1351,Saber Marionette J,6.55,12334.0,8114,1641,817,finished,34,12334,7.45,17561,Action
1352,Kore ga Watashi no Goshujinsama,6.55,12337.0,4120,3674,1457,finished,20,12337,6.69,57646,Ecchi
1353,Shichinin no Nana,6.55,12344.0,17965,471,206,finished,27,12344,6.91,2915,Romance
1355,Metropolis,6.54,12422.0,5723,2517,1180,finished,0,12422,7.62,44030,Action
1357,Arion,6.54,12470.0,17785,480,143,finished,28,12470,6.37,2415,Action
1358,Princess Lover!,6.54,12480.0,11951,951,229,finished,5,12480,7.03,104098,Comedy
1359,Luger Code 1951,6.54,12505.0,10658,1129,522,finished,3,12505,6.59,14410,Action
1360,Uchuu Patrol Luluco,6.54,12508.0,14567,692,196,finished,3,12508,7.7,50236,Comedy
1362,Simoun,6.52,12633.0,10854,1102,498,finished,4,12633,7.56,24664,Romance
1363,Boys Be...,6.51,12701.0,9242,1374,355,finished,255,12701,6.59,15026,Romance
1364,Magma Taishi,6.51,12726.0,20185,370,107,finished,21,12726,5.98,421,Action
1365,Rescue Me!,6.51,12736.0,5053,2916,569,finished,44,12736,6.13,14381,Ecchi
1366,Kirara,6.5,12779.0,7868,1709,708,finished,43,12779,6.4,1596,Ecchi
1367,Angel,6.5,12784.0,14010,737,207,finished,60,12784,5.61,1005,Ecchi
1368,Shin Takarajima,6.5,12793.0,10392,1174,617,finished,0,12793,5.65,106,Adventure
1369,Futakoi Alternative,6.5,12795.0,19206,411,118,finished,10,12795,7.02,21516,Comedy
1370,Rizelmine,6.49,12879.0,8323,1590,823,finished,7,12879,6.67,16672,Comedy
1371,Yotsunoha,6.49,12896.0,15486,620,253,finished,8,12896,6.48,8565,Comedy
1372,Koi Koi 7,6.48,12953.0,15004,657,149,finished,52,12953,5.96,10399,Comedy
1373,Norn9: Norn+Nonet,6.48,12994.0,10420,1167,377,finished,8,12994,6.65,38139,Adventure
1374,Puchi Puri Yuushi,6.47,13021.0,15261,636,232,finished,4,13021,7.54,8030,Fantasy
1375,Great Mazinger,6.47,13037.0,11425,1018,411,finished,26,13037,7.34,1917,Action
1376,Devilman Lady,6.45,13163.0,3332,4614,1506,finished,65,13163,6.92,8665,Action
1377,Plastic Little,6.45,13167.0,8332,1589,815,finished,5,13167,6.27,7287,Action
1378,Maou Dante,6.42,13349.0,7715,1759,744,finished,0,13349,6.31,3907,Fantasy
1379,Magical☆Star Kanon 100%,6.42,13373.0,6478,2186,957,finished,6,13373,6.89,18291,Supernatural
1380,30-sai no Hoken Taiiku,6.41,13426.0,12765,861,223,finished,11,13426,6.84,31253,Ecchi
1381,Etotama,6.41,13429.0,15086,649,105,finished,26,13429,7.04,36463,Fantasy
1382,Hana,6.41,13439.0,13133,823,323,finished,4,13439,5.0,207,Fantasy
1383,Sekai de Ichiban Tsuyoku Naritai!,6.41,13446.0,12094,935,106,finished,31,13446,6.0,26513,Action
1384,Phi Brain: Kami no Puzzle,6.41,13447.0,13977,740,238,finished,11,13447,7.32,64958,Action
1385,Asa made Jugyou Chu!,6.4,13451.0,1110,13148,4657,finished,49,13451,6.37,25285,Ecchi
1386,RahXephon,6.4,13462.0,7323,1872,896,finished,16,13462,7.55,66751,Action
1387,Birth,6.38,13554.0,13416,794,241,finished,17,13554,6.04,2129,Fantasy
1388,Corrector Yui,6.38,13555.0,16008,586,205,finished,11,13555,6.9,7411,Fantasy
1390,Najica Dengeki Sakusen,6.38,13559.0,15603,612,235,finished,18,13559,6.08,9605,Action
1391,Mazinkaiser,6.38,13567.0,18595,439,162,finished,7,13567,7.47,4681,Action
1392,Onna Kyoushi,6.38,13597.0,23603,260,127,finished,3,13597,6.24,1570,Romance
1393,Kakumeiki Valvrave,6.37,13632.0,16130,579,117,finished,4,13632,7.31,96718,Action
1394,Mouryou Senki Madara,6.36,13684.0,16160,577,116,finished,0,13684,6.4,813,Adventure
1397,God Mazinger,6.34,13790.0,17645,488,153,finished,0,13790,6.83,946,Action
1398,School Days,6.33,13810.0,1012,14210,8641,finished,12,13810,6.17,279183,Romance
1399,Natsu e no Tobira,6.33,13815.0,12472,892,355,finished,1,13815,6.51,1975,Drama
1400,Armitage III,6.33,13835.0,17013,522,113,finished,11,13835,7.2,14930,Action
1401,Godzilla,6.32,13871.0,19315,406,153,finished,6,13871,,1022,Action
1402,Okusama wa Joshikousei,6.31,13909.0,3469,4397,1130,finished,160,13909,5.52,1006,Ecchi
1404,Big Order,6.3,13968.0,859,16282,5492,finished,55,13968,6.18,17237,Action
1406,Juushin Liger,6.29,14024.0,23225,270,108,finished,0,14024,6.72,575,Action
1407,Dennou Coil,6.28,14046.0,13973,740,199,finished,2,14046,8.19,76860,Adventure
1408,Brain Powerd,6.27,14073.0,11000,1076,441,finished,26,14073,6.3,5058,Adventure
1409,Gate Keepers,6.25,14141.0,16419,559,184,finished,14,14141,7.07,14582,Adventure
1410,Kekkou Kamen,6.25,14154.0,12446,896,280,finished,30,14154,5.9,2344,Ecchi
1411,Netsuzou TRap,6.24,14209.0,836,16858,7364,finished,29,14209,,1783,Drama
1412,Buzzer Beater,6.23,14219.0,6686,2103,855,finished,80,14219,6.73,8439,Sports
1413,Bannou Bunka Neko-Musume,6.23,14228.0,18268,455,162,finished,3,14228,6.8,6122,Action
1414,Tenkuu no Escaflowne,6.2,14315.0,6596,2138,842,finished,34,14315,7.8,83437,Action
1415,Dororon Enma-kun,6.2,14321.0,12452,895,296,finished,21,14321,6.38,1898,Ecchi
1416,Hatsukoi Monster,6.18,14391.0,4325,3476,668,currently_publishing,0,14391,6.06,37238,Comedy
1417,ChäoS;HEAd,6.11,14529.0,3215,4807,1768,finished,11,14529,6.62,174337,Supernatural
1418,Princess Tutu,6.08,14585.0,4920,3015,1436,finished,10,14585,8.23,73218,Fantasy
1419,Seikimatsu Occult Gakuin,6.08,14594.0,11179,1052,395,finished,5,14594,7.16,65021,Comedy
1420,Holy Knight,6.08,14595.0,2447,6267,1723,currently_publishing,0,14595,6.28,20589,Drama
1421,Fushigi no Kuni no Miyuki-chan,6.07,14604.0,2871,5413,3005,finished,7,14604,6.0,7240,Ecchi
1422,Waza no Tabibito,6.05,14645.0,18778,431,149,finished,2,14645,5.89,474,Action
1423,Fushigi na Melmo,6.03,14668.0,13697,767,328,finished,29,14668,6.62,440,Adventure
1424,Akikan!,6.03,14669.0,6100,2341,1027,finished,7,14669,6.4,74097,Ecchi
1426,Koutetsu Jeeg,6.02,14692.0,15344,630,267,finished,10,14692,7.27,1093,Action
1427,Pupa,6.0,14718.0,711,19458,6846,finished,34,14718,3.82,83652,Drama
1428,Genocyber,5.95,14767.0,8702,1499,530,finished,5,14767,6.12,12158,Action
1430,Cambrian,5.82,14886.0,10434,1166,489,finished,28,14886,5.99,2487,Drama
1431,Sweet Valerian,5.72,14963.0,16201,573,222,finished,6,14963,5.91,1680,Comedy
1432,Zoids Shinseiki/Zero,,15128.0,23158,272,76,finished,4,15128,7.45,16381,Action
1434,Tokyo Tribe 2,,15153.0,16258,569,97,finished,0,15153,6.99,5060,Action
1435,Tokumu Sentai Shinesman,,15162.0,28028,169,20,finished,0,15162,7.07,1588,Action
1436,Igano Kabamaru,,15188.0,23904,252,40,finished,0,15188,8.13,5063,Comedy
1437,Midnight Panther,,15190.0,30609,134,32,finished,23,15190,5.84,1144,Adventure
1438,Otenki Oneesan,,15192.0,27823,173,25,finished,0,15192,5.63,1040,Comedy
1439,Jinki:Extend,,15195.0,18600,438,94,finished,53,15195,6.29,7496,Action
1440,Karen,,15199.0,35473,91,27,finished,0,15199,5.97,1791,Fantasy
1441,Kokoro Toshokan,,15225.0,25394,218,79,finished,51,15225,6.62,3748,Comedy
1442,Compiler,,15232.0,23502,263,60,finished,27,15232,5.47,1028,Romance
1443,Muteki Kanban Musume,,15241.0,18995,420,91,finished,0,15241,7.22,12409,Comedy
